"Price list and trading summary for Wednesday, April 02, 2014",16.40,16.70,16.40,16.60,"28,600",0
"Price list and trading summary for Tuesday, January 03, 2012",3.90,7.00,6.50,6.55,"2,800",0
"Price list and trading summary for Monday, January 09, 2012",7.30,7.30,7.20,7.20,"26,400",0
"Price list and trading summary for Wednesday, January 11, 2012",7.35,7.40,7.30,7.35,"6,000",0
"Price list and trading summary for Wednesday, January 04, 2012",6.55,7.20,6.50,7.00,"2,900",0
"Price list and trading summary for Tuesday, January 17, 2012",7.35,7.45,7.45,7.45,"2,400",0
"Price list and trading summary for Thursday, January 12, 2012",7.35,7.40,7.35,7.35,"16,800",0
"Price list and trading summary for Friday, January 06, 2012",7.10,7.40,7.20,7.30,900,0
"Price list and trading summary for Thursday, January 05, 2012",7.00,7.40,7.00,7.10,"6,000",0
"Price list and trading summary for Monday, January 16, 2012",7.35,7.40,7.35,7.35,"5,200",0
"Price list and trading summary for Monday, January 23, 2012",7.45,7.50,7.30,7.45,700,0
"Price list and trading summary for Wednesday, January 25, 2012",7.55,7.60,7.60,7.60,"1,400",0
"Price list and trading summary for Wednesday, January 18, 2012",7.45,7.50,7.30,7.40,"20,300",0
"Price list and trading summary for Tuesday, January 10, 2012",7.20,7.70,7.25,7.35,"4,400",0
"Price list and trading summary for Monday, January 30, 2012",7.85,7.85,7.65,7.70,"104,800",0
"Price list and trading summary for Friday, January 13, 2012",7.35,7.40,7.35,7.35,"4,200",0
"Price list and trading summary for Tuesday, January 31, 2012",7.70,7.70,7.70,7.70,"5,800",0
"Price list and trading summary for Wednesday, February 01, 2012",7.70,7.70,7.70,7.70,0,0
"Price list and trading summary for Monday, February 06, 2012",7.70,7.85,7.70,7.70,"7,900",0
"Price list and trading summary for Thursday, January 19, 2012",7.40,7.50,7.50,7.50,"10,000",0
"Price list and trading summary for Friday, January 20, 2012",7.50,7.50,7.30,7.45,"7,000",0
"Price list and trading summary for Tuesday, January 24, 2012",7.45,7.70,7.45,7.55,"4,400",0
"Price list and trading summary for Friday, January 27, 2012",7.60,7.90,7.60,7.85,"4,000",0
"Price list and trading summary for Thursday, February 02, 2012",7.70,7.70,7.70,7.70,"6,000",0
"Price list and trading summary for Thursday, February 09, 2012",7.65,7.70,7.65,7.65,"7,300",0
"Price list and trading summary for Tuesday, February 07, 2012",7.70,7.70,7.60,7.65,"6,100",0
"Price list and trading summary for Wednesday, February 08, 2012",7.65,7.70,7.60,7.65,"10,700",0
"Price list and trading summary for Friday, February 10, 2012",7.65,7.60,7.60,7.60,"1,000",0
"Price list and trading summary for Thursday, January 26, 2012",7.60,7.70,7.60,7.60,"3,200",0
"Price list and trading summary for Tuesday, February 14, 2012",7.50,7.00,6.75,6.95,900,0
"Price list and trading summary for Monday, February 13, 2012",7.60,7.70,7.50,7.50,"1,100",0
"Price list and trading summary for Thursday, February 23, 2012",6.35,6.50,6.35,6.45,"3,600",0
"Price list and trading summary for Friday, February 24, 2012",6.45,6.40,6.30,6.30,"23,100",0
"Price list and trading summary for Thursday, February 16, 2012",7.00,7.00,7.00,7.00,"38,000",0
"Price list and trading summary for Friday, February 03, 2012",7.70,7.70,7.70,7.70,"1,000",0
"Price list and trading summary for Wednesday, February 29, 2012",6.35,7.50,6.35,7.10,"3,600",0
"Price list and trading summary for Thursday, March 01, 2012",7.10,7.55,7.50,7.50,"156,100",0
"Price list and trading summary for Wednesday, February 15, 2012",6.95,7.00,7.00,7.00,"2,000",0
"Price list and trading summary for Monday, March 05, 2012",7.05,7.40,7.30,7.35,"8,700",0
"Price list and trading summary for Friday, February 17, 2012",7.00,7.55,7.00,7.00,"33,600",0
"Price list and trading summary for Monday, February 20, 2012",7.00,6.35,6.35,6.35,900,0
"Price list and trading summary for Thursday, March 08, 2012",7.35,7.50,7.20,7.25,"18,500",0
"Price list and trading summary for Tuesday, February 28, 2012",6.35,6.35,6.35,6.35,"5,800",0
"Price list and trading summary for Monday, March 12, 2012",7.25,7.25,7.25,7.25,0,0
"Price list and trading summary for Monday, February 27, 2012",6.30,6.40,6.35,6.35,"2,400",0
"Price list and trading summary for Wednesday, March 14, 2012",7.55,7.90,7.90,7.90,100,0
"Price list and trading summary for Thursday, March 15, 2012",7.90,8.10,7.35,8.00,"11,100",0
"Price list and trading summary for Tuesday, February 21, 2012",6.35,6.50,6.35,6.35,"2,400",0
"Price list and trading summary for Tuesday, March 06, 2012",7.35,7.40,7.20,7.30,"5,100",0
"Price list and trading summary for Tuesday, March 20, 2012",7.50,7.80,7.80,7.80,"2,700",0
"Price list and trading summary for Wednesday, February 22, 2012",6.35,6.40,6.35,6.35,"11,700",0
"Price list and trading summary for Friday, March 02, 2012",7.50,7.50,7.00,7.05,"70,700",0
"Price list and trading summary for Wednesday, March 07, 2012",7.30,7.50,7.35,7.35,"10,900",0
"Price list and trading summary for Tuesday, March 13, 2012",7.25,7.90,7.35,7.55,"3,900",0
"Price list and trading summary for Thursday, March 22, 2012",7.50,7.90,7.50,7.50,"7,800",0
"Price list and trading summary for Friday, March 16, 2012",8.00,7.50,7.50,7.50,"3,100",0
"Price list and trading summary for Monday, March 26, 2012",7.20,7.80,7.20,7.55,400,0
"Price list and trading summary for Friday, March 30, 2012",7.70,7.70,7.10,7.65,"15,200",0
"Price list and trading summary for Monday, April 02, 2012",7.65,7.70,7.70,7.70,"11,000",0
"Price list and trading summary for Friday, March 09, 2012",7.25,7.25,7.25,7.25,0,0
"Price list and trading summary for Wednesday, March 21, 2012",7.80,7.50,7.50,7.50,"1,700",0
"Price list and trading summary for Thursday, April 05, 2012",7.85,7.95,7.85,7.85,"129,300",0
"Price list and trading summary for Wednesday, March 28, 2012",7.70,7.70,7.70,7.70,800,0
"Price list and trading summary for Friday, March 23, 2012",7.50,7.20,7.20,7.20,200,0
"Price list and trading summary for Thursday, March 29, 2012",7.70,7.75,7.70,7.70,"16,600",0
"Price list and trading summary for Wednesday, April 11, 2012",7.65,7.95,7.85,7.85,"2,400",0
"Price list and trading summary for Thursday, April 12, 2012",7.85,7.90,7.85,7.85,"13,200",0
"Price list and trading summary for Monday, March 19, 2012",7.50,7.90,7.25,7.50,"9,000",0
"Price list and trading summary for Friday, April 13, 2012",7.85,7.90,7.65,7.80,"1,200",0
"Price list and trading summary for Tuesday, March 27, 2012",7.55,7.80,7.60,7.70,"26,600",0
"Price list and trading summary for Wednesday, April 18, 2012",7.00,7.60,7.00,7.05,"12,800",0
"Price list and trading summary for Monday, April 16, 2012",7.80,7.85,7.50,7.60,"4,600",0
"Price list and trading summary for Thursday, April 19, 2012",7.05,7.60,7.60,7.60,"10,000",0
"Price list and trading summary for Monday, April 23, 2012",7.35,7.60,7.40,7.55,"8,200",0
"Price list and trading summary for Friday, April 20, 2012",7.60,7.60,7.35,7.35,"2,500",0
"Price list and trading summary for Tuesday, April 03, 2012",7.70,7.80,7.80,7.80,"7,500",0
"Price list and trading summary for Thursday, April 26, 2012",7.75,7.70,7.60,7.65,"38,200",0
"Price list and trading summary for Thursday, April 05, 2012",7.85,7.95,7.85,7.85,"129,300",0
"Price list and trading summary for Wednesday, April 04, 2012",7.80,8.00,7.85,7.85,"18,400",0
"Price list and trading summary for Monday, April 30, 2012",7.70,7.75,7.60,7.70,"16,900",0
"Price list and trading summary for Thursday, April 05, 2012",7.85,7.95,7.85,7.85,"129,300",0
"Price list and trading summary for Tuesday, April 17, 2012",7.60,7.60,7.00,7.00,"2,100",0
"Price list and trading summary for Wednesday, April 25, 2012",7.55,7.80,7.55,7.75,"10,700",0
"Price list and trading summary for Tuesday, April 10, 2012",7.85,7.85,7.60,7.65,"4,800",0
"Price list and trading summary for Monday, April 23, 2012",7.35,7.60,7.40,7.55,"8,200",0
"Price list and trading summary for Thursday, May 03, 2012",8.00,8.00,7.55,7.85,"1,800",0
"Price list and trading summary for Wednesday, May 02, 2012",7.70,8.00,8.00,8.00,500,0
"Price list and trading summary for Monday, April 30, 2012",7.70,7.75,7.60,7.70,"16,900",0
"Price list and trading summary for Friday, April 27, 2012",7.65,7.75,7.60,7.70,"19,200",0
"Price list and trading summary for Friday, May 04, 2012",7.85,7.90,7.55,7.70,"12,400",0
"Price list and trading summary for Wednesday, May 16, 2012",7.70,8.00,7.70,7.90,"42,900",0
"Price list and trading summary for Wednesday, May 09, 2012",7.85,7.50,7.50,7.50,400,0
"Price list and trading summary for Monday, May 07, 2012",7.70,8.00,8.00,8.00,700,0
"Price list and trading summary for Tuesday, May 08, 2012",8.00,7.85,7.85,7.85,"1,200",0
"Price list and trading summary for Tuesday, May 22, 2012",7.60,8.00,7.50,7.70,"2,900",0
"Price list and trading summary for Monday, May 14, 2012",7.65,8.00,7.80,7.90,"13,900",0
"Price list and trading summary for Thursday, May 10, 2012",7.50,7.75,7.30,7.30,"12,400",0
"Price list and trading summary for Tuesday, May 15, 2012",7.90,7.85,7.45,7.70,"6,400",0
"Price list and trading summary for Thursday, May 17, 2012",7.90,7.80,7.50,7.65,"21,200",0
"Price list and trading summary for Tuesday, May 29, 2012",7.95,7.95,7.90,7.90,"3,200",0
"Price list and trading summary for Friday, May 11, 2012",7.30,7.80,7.40,7.65,"1,700",0
"Price list and trading summary for Thursday, May 31, 2012",7.90,7.90,7.90,7.90,0,0
"Price list and trading summary for Friday, May 18, 2012",7.65,8.00,7.80,7.95,"3,600",0
"Price list and trading summary for Monday, June 04, 2012",7.90,7.90,7.90,7.90,"2,000",0
"Price list and trading summary for Monday, May 21, 2012",7.95,8.00,7.50,7.60,"46,500",0
"Price list and trading summary for Thursday, May 24, 2012",7.80,8.00,7.70,7.80,"5,500",0
"Price list and trading summary for Tuesday, June 05, 2012",7.90,7.95,7.90,7.90,"2,700",0
"Price list and trading summary for Wednesday, May 23, 2012",7.70,8.00,7.80,7.80,"46,500",0
"Price list and trading summary for Monday, June 11, 2012",7.80,7.95,7.90,7.90,800,0
"Price list and trading summary for Monday, May 28, 2012",7.95,8.00,7.90,7.95,"2,600",0
"Price list and trading summary for Thursday, May 31, 2012",7.90,7.90,7.90,7.90,0,0
"Price list and trading summary for Thursday, June 07, 2012",7.80,7.90,7.90,7.90,"1,000",0
"Price list and trading summary for Wednesday, May 30, 2012",7.90,7.95,7.90,7.90,"4,600",0
"Price list and trading summary for Friday, May 25, 2012",7.80,8.00,7.90,7.95,"1,100",0
"Price list and trading summary for Wednesday, June 06, 2012",7.90,7.95,7.60,7.80,"4,900",0
"Price list and trading summary for Wednesday, June 20, 2012",7.70,7.90,7.65,7.75,"19,700",0
"Price list and trading summary for Thursday, June 21, 2012",7.75,7.90,7.75,7.75,900,0
"Price list and trading summary for Thursday, June 14, 2012",7.90,7.90,7.85,7.85,"2,000",0
"Price list and trading summary for Monday, June 18, 2012",7.85,7.90,7.90,7.90,"6,800",0
"Price list and trading summary for Friday, June 08, 2012",7.90,8.20,7.80,7.80,"44,500",0
"Price list and trading summary for Wednesday, June 27, 2012",7.75,7.90,7.70,7.85,"60,100",0
"Price list and trading summary for Tuesday, June 12, 2012",7.90,7.95,7.90,7.90,700,0
"Price list and trading summary for Friday, June 29, 2012",7.90,8.30,7.90,8.05,"20,500",0
"Price list and trading summary for Friday, June 15, 2012",7.85,7.90,7.80,7.85,"6,800",0
"Price list and trading summary for Monday, July 02, 2012",8.05,8.10,8.00,8.00,"30,300",0
"Price list and trading summary for Wednesday, July 04, 2012",7.90,8.00,7.85,7.90,"46,700",0
"Price list and trading summary for Thursday, July 05, 2012",7.90,8.00,7.30,7.45,"533,900",0
"Price list and trading summary for Wednesday, June 13, 2012",7.90,7.90,7.90,7.90,"10,500",0
"Price list and trading summary for Friday, July 06, 2012",7.45,8.00,7.75,7.75,"19,800",0
"Price list and trading summary for Tuesday, June 19, 2012",7.90,7.80,7.65,7.70,"10,000",0
"Price list and trading summary for Friday, June 22, 2012",7.75,7.85,7.05,7.65,"13,100",0
"Price list and trading summary for Tuesday, June 26, 2012",7.70,7.80,7.70,7.75,"21,700",0
"Price list and trading summary for Friday, July 13, 2012",7.85,7.90,7.85,7.85,"4,100",0
"Price list and trading summary for Monday, June 25, 2012",7.65,7.80,7.70,7.70,"16,400",0
"Price list and trading summary for Monday, July 09, 2012",7.75,8.00,7.90,7.95,"9,000",0
"Price list and trading summary for Wednesday, July 11, 2012",7.80,7.90,7.50,7.80,"217,300",0
"Price list and trading summary for Thursday, July 19, 2012",7.70,7.80,7.60,7.70,"4,400",0
"Price list and trading summary for Tuesday, July 10, 2012",7.95,8.00,7.75,7.80,"48,600",0
"Price list and trading summary for Thursday, July 12, 2012",7.80,7.90,7.80,7.85,"3,000",0
"Price list and trading summary for Tuesday, July 24, 2012",7.70,7.80,7.20,7.35,"109,700",0
"Price list and trading summary for Tuesday, July 03, 2012",8.00,8.00,7.90,7.90,"59,000",0
"Price list and trading summary for Wednesday, July 25, 2012",7.35,7.50,7.50,7.50,"4,400",0
"Price list and trading summary for Thursday, June 28, 2012",7.85,8.30,7.85,7.90,"89,300",0
"Price list and trading summary for Monday, July 16, 2012",7.85,7.80,7.80,7.80,"26,400",0
"Price list and trading summary for Tuesday, July 31, 2012",7.75,7.80,7.50,7.70,"30,800",0
"Price list and trading summary for Wednesday, August 01, 2012",7.70,7.85,7.50,7.70,"37,000",0
"Price list and trading summary for Tuesday, July 17, 2012",7.80,7.75,7.55,7.70,"9,200",0
"Price list and trading summary for Monday, July 30, 2012",7.50,7.80,7.75,7.75,"10,700",0
"Price list and trading summary for Monday, July 23, 2012",7.70,7.75,7.70,7.70,"4,400",0
"Price list and trading summary for Wednesday, July 18, 2012",7.70,7.75,7.70,7.70,"11,500",0
"Price list and trading summary for Friday, July 20, 2012",7.70,7.75,7.70,7.70,"1,100",0
"Price list and trading summary for Wednesday, August 08, 2012",7.75,7.65,7.40,7.50,"18,600",0
"Price list and trading summary for Thursday, August 09, 2012",7.50,7.75,7.50,7.55,"2,400",0
"Price list and trading summary for Thursday, August 02, 2012",7.70,7.60,7.55,7.55,"10,500",0
"Price list and trading summary for Monday, August 13, 2012",7.60,7.60,7.50,7.50,"15,400",0
"Price list and trading summary for Tuesday, August 14, 2012",7.50,7.60,7.50,7.50,"18,200",0
"Price list and trading summary for Wednesday, August 15, 2012",7.50,7.75,7.75,7.75,500,0
"Price list and trading summary for Friday, July 27, 2012",7.50,7.70,7.50,7.50,"44,000",0
"Price list and trading summary for Thursday, August 16, 2012",7.75,7.70,7.50,7.55,"22,500",0
"Price list and trading summary for Thursday, July 26, 2012",7.50,7.55,7.50,7.50,"5,900",0
"Price list and trading summary for Tuesday, August 07, 2012",7.75,7.80,7.75,7.75,"3,100",0
"Price list and trading summary for Thursday, August 23, 2012",7.50,7.60,7.30,7.35,"4,100",0
"Price list and trading summary for Monday, August 06, 2012",7.75,7.75,7.75,7.75,0,0
"Price list and trading summary for Monday, August 27, 2012",7.55,7.45,7.45,7.45,"3,600",0
"Price list and trading summary for Tuesday, August 28, 2012",7.45,7.75,7.00,7.45,"1,700",0
"Price list and trading summary for Wednesday, August 29, 2012",7.45,7.50,7.45,7.45,"15,200",0
"Price list and trading summary for Friday, August 03, 2012",7.55,7.80,7.60,7.75,"20,000",0
"Price list and trading summary for Friday, August 17, 2012",7.55,7.55,7.55,7.55,"12,700",0
"Price list and trading summary for Tuesday, August 21, 2012",7.55,7.50,7.15,7.30,"15,300",0
"Price list and trading summary for Friday, August 10, 2012",7.55,7.60,7.60,7.60,"1,500",0
"Price list and trading summary for Wednesday, September 05, 2012",7.45,7.25,7.00,7.10,"4,000",0
"Price list and trading summary for Friday, August 31, 2012",7.35,7.45,7.00,7.35,"11,600",0
"Price list and trading summary for Wednesday, August 22, 2012",7.30,7.55,7.30,7.50,"18,400",0
"Price list and trading summary for Friday, September 07, 2012",7.30,7.45,6.95,7.10,"22,200",0
"Price list and trading summary for Tuesday, September 11, 2012",7.10,7.10,7.10,7.10,"16,400",0
"Price list and trading summary for Wednesday, September 12, 2012",7.10,7.15,7.15,7.15,"5,700",0
"Price list and trading summary for Friday, August 17, 2012",7.55,7.55,7.55,7.55,"12,700",0
"Price list and trading summary for Thursday, September 13, 2012",7.15,7.10,7.10,7.10,"1,500",0
"Price list and trading summary for Friday, September 14, 2012",7.10,7.50,7.05,7.10,"2,000",0
"Price list and trading summary for Tuesday, September 18, 2012",7.00,7.00,6.95,6.95,"12,500",0
"Price list and trading summary for Monday, September 17, 2012",7.10,7.00,7.00,7.00,"1,600",0
"Price list and trading summary for Friday, August 24, 2012",7.35,7.55,7.55,7.55,"2,400",0
"Price list and trading summary for Friday, September 21, 2012",7.00,7.00,7.00,7.00,"8,400",0
"Price list and trading summary for Thursday, August 30, 2012",7.45,7.35,7.35,7.35,100,0
"Price list and trading summary for Tuesday, September 04, 2012",7.20,7.45,7.45,7.45,500,0
"Price list and trading summary for Monday, September 03, 2012",7.35,7.35,7.20,7.20,"1,700",0
"Price list and trading summary for Thursday, September 27, 2012",6.95,7.10,7.00,7.00,"126,100",0
"Price list and trading summary for Friday, September 28, 2012",7.00,7.10,7.00,7.00,"25,100",0
"Price list and trading summary for Thursday, September 06, 2012",7.10,7.45,7.10,7.30,"2,200",0
"Price list and trading summary for Monday, September 10, 2012",7.10,7.10,7.10,7.10,"11,700",0
"Price list and trading summary for Tuesday, October 02, 2012",7.05,7.05,6.90,7.00,"12,200",0
"Price list and trading summary for Thursday, October 04, 2012",7.05,7.05,7.05,7.05,"5,500",0
"Price list and trading summary for Tuesday, September 25, 2012",7.00,7.00,7.00,7.00,"2,500",0
"Price list and trading summary for Thursday, September 20, 2012",7.00,7.10,7.00,7.00,"2,300",0
"Price list and trading summary for Tuesday, October 09, 2012",7.00,7.00,6.35,6.45,"9,400",0
"Price list and trading summary for Wednesday, October 10, 2012",6.45,7.00,6.45,6.95,"188,400",0
"Price list and trading summary for Wednesday, September 26, 2012",7.00,7.00,6.90,6.95,"36,700",0
"Price list and trading summary for Thursday, October 11, 2012",6.95,7.60,7.00,7.00,"2,600",0
"Price list and trading summary for Friday, October 12, 2012",7.00,7.60,7.00,7.00,"25,100",0
"Price list and trading summary for Monday, October 15, 2012",7.00,7.20,7.00,7.10,"12,700",0
"Price list and trading summary for Wednesday, October 17, 2012",7.05,7.50,7.05,7.30,"4,800",0
"Price list and trading summary for Thursday, October 18, 2012",7.30,7.50,7.05,7.45,"3,900",0
"Price list and trading summary for Friday, October 19, 2012",7.45,7.45,7.30,7.40,"11,400",0
"Price list and trading summary for Wednesday, September 19, 2012",6.95,7.10,6.90,7.00,"102,100",0
"Price list and trading summary for Monday, September 24, 2012",7.00,7.10,7.00,7.00,"3,300",0
"Price list and trading summary for Monday, October 01, 2012",7.00,7.10,7.00,7.05,"73,000",0
"Price list and trading summary for Wednesday, October 03, 2012",7.00,7.05,7.05,7.05,"3,000",0
"Price list and trading summary for Monday, October 22, 2012",7.40,7.30,7.30,7.30,500,0
"Price list and trading summary for Monday, October 29, 2012",7.30,7.40,7.30,7.30,"36,700",0
"Price list and trading summary for Thursday, October 25, 2012",7.25,7.45,7.15,7.40,"54,200",0
"Price list and trading summary for Tuesday, October 16, 2012",7.10,7.40,7.05,7.05,"2,500",0
"Price list and trading summary for Monday, October 08, 2012",7.00,7.05,7.00,7.00,"43,200",0
"Price list and trading summary for Friday, November 02, 2012",7.30,7.55,7.30,7.45,"2,700",0
"Price list and trading summary for Wednesday, October 24, 2012",7.00,7.30,7.05,7.25,"3,900",0
"Price list and trading summary for Tuesday, October 23, 2012",7.30,7.30,7.00,7.00,"1,700",0
"Price list and trading summary for Friday, October 05, 2012",7.05,7.05,7.00,7.00,"2,200",0
"Price list and trading summary for Tuesday, November 06, 2012",7.25,7.45,7.20,7.20,"39,100",0
"Price list and trading summary for Wednesday, October 31, 2012",7.30,7.40,7.15,7.25,"15,400",0
"Price list and trading summary for Tuesday, October 30, 2012",7.30,7.45,7.30,7.30,"1,600",0
"Price list and trading summary for Monday, November 05, 2012",7.45,7.45,7.15,7.25,"21,900",0
"Price list and trading summary for Friday, October 26, 2012",7.40,7.30,7.30,7.30,"8,000",0
"Price list and trading summary for Thursday, November 08, 2012",7.15,7.30,7.15,7.15,"9,900",0
"Price list and trading summary for Tuesday, November 13, 2012",6.90,7.00,6.60,6.65,"48,500",0
"Price list and trading summary for Wednesday, November 14, 2012",6.65,7.15,6.65,6.75,"37,500",0
"Price list and trading summary for Thursday, November 01, 2012",7.25,7.45,7.30,7.30,"22,100",0
"Price list and trading summary for Wednesday, November 07, 2012",7.20,7.20,7.15,7.15,"13,000",0
"Price list and trading summary for Tuesday, November 20, 2012",6.90,7.00,6.85,6.95,"2,600",0
"Price list and trading summary for Friday, November 23, 2012",6.95,7.00,7.00,7.00,0,0
"Price list and trading summary for Monday, November 26, 2012",7.00,7.05,7.00,7.00,"11,200",0
"Price list and trading summary for Tuesday, November 27, 2012",7.00,7.15,7.00,7.00,400,0
"Price list and trading summary for Friday, November 09, 2012",7.15,7.25,7.15,7.20,"42,200",0
"Price list and trading summary for Monday, November 19, 2012",7.00,7.00,6.85,6.90,"2,700",0
"Price list and trading summary for Friday, November 30, 2012",6.85,7.00,6.90,6.95,"2,000",0
"Price list and trading summary for Monday, December 03, 2012",6.95,6.95,6.85,6.85,"27,600",0
"Price list and trading summary for Monday, November 12, 2012",7.20,7.15,6.50,6.90,"65,500",0
"Price list and trading summary for Thursday, November 22, 2012",6.95,7.00,6.95,6.95,"63,400",0
"Price list and trading summary for Friday, November 16, 2012",6.80,7.20,6.85,7.00,"3,900",0
"Price list and trading summary for Friday, December 07, 2012",6.50,6.70,6.50,6.60,"12,200",0
"Price list and trading summary for Wednesday, November 21, 2012",6.95,7.00,6.85,6.95,"19,700",0
"Price list and trading summary for Tuesday, December 11, 2012",6.50,7.00,6.50,6.50,"57,400",0
"Price list and trading summary for Thursday, November 29, 2012",7.00,7.00,6.85,6.85,"5,300",0
"Price list and trading summary for Thursday, December 13, 2012",6.50,6.95,6.60,6.70,"4,500",0
"Price list and trading summary for Thursday, November 15, 2012",6.75,6.85,6.80,6.80,"18,100",0
"Price list and trading summary for Monday, December 17, 2012",6.75,6.95,6.75,6.80,"3,700",0
"Price list and trading summary for Tuesday, December 04, 2012",6.85,6.90,6.85,6.85,"121,100",0
"Price list and trading summary for Wednesday, November 28, 2012",7.00,7.00,7.00,7.00,"10,600",0
"Price list and trading summary for Thursday, December 20, 2012",6.80,6.90,6.55,6.75,"8,000",0
"Price list and trading summary for Friday, December 14, 2012",6.70,6.95,6.70,6.75,"2,700",0
"Price list and trading summary for Wednesday, December 05, 2012",6.85,7.00,6.50,6.50,"2,700",0
"Price list and trading summary for Tuesday, December 11, 2012",6.50,7.00,6.50,6.50,"57,400",0
"Price list and trading summary for Thursday, December 06, 2012",6.50,6.50,6.50,6.50,0,0
"Price list and trading summary for Thursday, December 27, 2012",6.80,6.75,6.70,6.70,900,0
"Price list and trading summary for Monday, December 10, 2012",6.60,6.70,6.50,6.50,"12,000",0
"Price list and trading summary for Monday, December 31, 2012",6.70,6.70,6.70,6.70,0,0
"Price list and trading summary for Monday, December 31, 2012",6.70,6.70,6.70,6.70,0,0
"Price list and trading summary for Wednesday, January 02, 2013",6.70,6.75,6.75,6.75,"4,000",0
"Price list and trading summary for Thursday, January 03, 2013",6.75,7.00,7.00,7.00,100,0
"Price list and trading summary for Monday, December 24, 2012",6.70,7.00,6.70,6.80,"5,300",0
"Price list and trading summary for Monday, January 07, 2013",7.00,7.00,6.90,6.90,"65,600",0
"Price list and trading summary for Wednesday, December 19, 2012",6.75,6.80,6.80,6.80,"60,300",0
"Price list and trading summary for Wednesday, January 09, 2013",6.80,6.90,6.80,6.80,"55,300",0
"Price list and trading summary for Friday, December 28, 2012",6.70,6.70,6.70,6.70,0,0
"Price list and trading summary for Tuesday, December 18, 2012",6.80,6.90,6.75,6.75,800,0
"Price list and trading summary for Monday, December 24, 2012",6.70,7.00,6.70,6.80,"5,300",0
"Price list and trading summary for Friday, December 21, 2012",6.75,6.80,6.70,6.70,"6,600",0
"Price list and trading summary for Monday, January 14, 2013",6.95,7.00,6.95,6.95,"189,800",0
"Price list and trading summary for Wednesday, January 16, 2013",6.95,7.00,6.95,6.95,"418,600",0
"Price list and trading summary for Monday, December 24, 2012",6.70,7.00,6.70,6.80,"5,300",0
"Price list and trading summary for Friday, January 18, 2013",6.95,7.00,6.90,6.90,"2,600",0
"Price list and trading summary for Monday, January 21, 2013",6.90,7.00,6.90,6.90,"4,300",0
"Price list and trading summary for Friday, January 04, 2013",7.00,7.00,7.00,7.00,"13,700",0
"Price list and trading summary for Tuesday, January 08, 2013",6.90,6.90,6.75,6.80,"19,300",0
"Price list and trading summary for Thursday, January 17, 2013",6.95,7.00,6.90,6.95,"301,200",0
"Price list and trading summary for Tuesday, January 15, 2013",6.95,7.00,6.90,6.95,"221,800",0
"Price list and trading summary for Thursday, January 10, 2013",6.80,7.00,6.80,6.95,"143,100",0
"Price list and trading summary for Monday, January 28, 2013",7.00,7.00,6.85,6.95,"92,900",0
"Price list and trading summary for Tuesday, January 29, 2013",6.95,7.00,6.95,6.95,"471,800",0
"Price list and trading summary for Wednesday, January 30, 2013",6.95,7.00,7.00,7.00,"2,000",0
"Price list and trading summary for Thursday, January 31, 2013",7.00,7.00,7.00,7.00,"10,500",0
"Price list and trading summary for Monday, February 04, 2013",6.95,7.00,6.95,6.95,"56,300",0
"Price list and trading summary for Wednesday, February 06, 2013",6.95,6.95,6.95,6.95,"13,800",0
"Price list and trading summary for Thursday, February 07, 2013",6.95,7.00,6.90,6.95,"156,000",0
"Price list and trading summary for Thursday, January 24, 2013",6.95,7.00,7.00,7.00,"39,300",0
"Price list and trading summary for Friday, February 01, 2013",7.00,7.00,6.95,6.95,"21,200",0
"Price list and trading summary for Friday, January 25, 2013",7.00,7.00,7.00,7.00,"60,000",0
"Price list and trading summary for Friday, January 11, 2013",6.95,7.00,6.90,6.95,"172,500",0
"Price list and trading summary for Thursday, February 14, 2013",6.95,7.55,6.95,7.00,"127,200",0
"Price list and trading summary for Wednesday, January 23, 2013",6.95,7.00,6.90,6.95,"4,100",0
"Price list and trading summary for Tuesday, February 05, 2013",6.95,7.00,6.95,6.95,"14,700",0
"Price list and trading summary for Tuesday, February 19, 2013",7.00,7.20,7.00,7.00,3.88,0
"Price list and trading summary for Friday, February 08, 2013",6.95,7.00,6.90,6.90,"62,200",0
"Price list and trading summary for Thursday, February 21, 2013",7.00,7.25,7.00,7.10,"114,100",0
"Price list and trading summary for Tuesday, January 22, 2013",6.90,7.00,6.90,6.95,"229,100",0
"Price list and trading summary for Wednesday, February 13, 2013",6.95,7.00,6.95,6.95,"456,400",0
"Price list and trading summary for Tuesday, February 26, 2013",7.20,7.10,7.00,7.05,"11,100",0
"Price list and trading summary for Wednesday, February 27, 2013",7.05,7.10,7.00,7.00,"36,600",0
"Price list and trading summary for Thursday, February 28, 2013",7.00,7.10,7.00,7.05,"181,900",0
"Price list and trading summary for Tuesday, February 12, 2013",6.95,7.00,6.95,6.95,"151,100",0
"Price list and trading summary for Friday, March 01, 2013",7.05,7.10,7.10,7.10,"86,600",0
"Price list and trading summary for Friday, March 01, 2013",7.05,7.10,7.10,7.10,"86,600",0
"Price list and trading summary for Wednesday, March 06, 2013",7.10,7.75,7.30,7.50,"2,800",0
"Price list and trading summary for Monday, February 18, 2013",7.00,7.30,7.00,7.00,"11,700",0
"Price list and trading summary for Thursday, March 07, 2013",7.50,8.05,7.40,7.75,"104,500",0
"Price list and trading summary for Friday, March 08, 2013",7.75,8.50,8.00,8.30,"46,200",0
"Price list and trading summary for Monday, March 11, 2013",8.30,9.10,8.70,9.00,"18,200",0
"Price list and trading summary for Tuesday, March 12, 2013",9.00,9.95,9.30,9.90,"174,000",0
"Price list and trading summary for Monday, February 11, 2013",6.90,7.00,6.90,6.95,"36,400",0
"Price list and trading summary for Thursday, March 14, 2013",9.60,9.50,8.70,9.05,"18,000",0
"Price list and trading summary for Friday, March 15, 2013",9.05,9.00,8.45,8.55,"66,100",0
"Price list and trading summary for Tuesday, March 19, 2013",8.65,9.50,9.00,9.15,"112,500",0
"Price list and trading summary for Friday, February 15, 2013",7.00,7.10,7.00,7.00,6.26,0
"Price list and trading summary for Wednesday, February 20, 2013",7.00,7.10,7.00,7.00,"405,600",0
"Price list and trading summary for Friday, February 22, 2013",7.10,7.15,7.00,7.10,"56,200",0
"Price list and trading summary for Friday, March 22, 2013",9.75,9.90,9.70,9.80,"42,800",0
"Price list and trading summary for Monday, March 25, 2013",9.80,9.95,9.85,9.85,"16,700",0
"Price list and trading summary for Tuesday, March 26, 2013",9.85,9.90,9.20,9.50,"482,000",0
"Price list and trading summary for Wednesday, March 27, 2013",9.50,9.90,9.55,9.65,"19,500",0
"Price list and trading summary for Thursday, March 28, 2013",9.65,10.50,9.55,10.05,"248,200",0
"Price list and trading summary for Monday, February 25, 2013",7.10,7.20,7.20,7.20,"3,200",0
"Price list and trading summary for Tuesday, March 05, 2013",7.10,7.15,7.10,7.10,"152,400",0
"Price list and trading summary for Tuesday, April 02, 2013",10.05,11.00,10.20,10.45,"15,600",0
"Price list and trading summary for Thursday, April 04, 2013",11.20,11.40,11.00,11.20,"153,200",0
"Price list and trading summary for Wednesday, April 03, 2013",10.45,11.45,10.85,11.20,"388,700",0
"Price list and trading summary for Monday, March 18, 2013",8.55,8.70,8.55,8.65,"80,900",0
"Price list and trading summary for Monday, April 08, 2013",11.25,12.00,11.40,11.75,"268,000",0
"Price list and trading summary for Wednesday, April 10, 2013",11.75,12.95,12.20,12.80,"21,300",0
"Price list and trading summary for Wednesday, March 20, 2013",9.15,9.90,9.50,9.60,"91,200",0
"Price list and trading summary for Thursday, March 21, 2013",9.60,9.95,9.70,9.75,"113,300",0
"Price list and trading summary for Wednesday, March 13, 2013",9.90,10.00,9.00,9.60,"219,700",0
"Price list and trading summary for Thursday, March 28, 2013",9.65,10.50,9.55,10.05,"248,200",0
"Price list and trading summary for Thursday, March 28, 2013",9.65,10.50,9.55,10.05,"248,200",0
"Price list and trading summary for Thursday, April 11, 2013",12.80,14.00,12.90,13.90,"245,500",0
"Price list and trading summary for Friday, April 05, 2013",11.20,11.40,11.20,11.25,"129,100",0
"Price list and trading summary for Monday, April 22, 2013",13.00,13.00,12.80,12.95,"74,200",0
"Price list and trading summary for Monday, April 15, 2013",13.30,13.30,12.75,12.95,"82,000",0
"Price list and trading summary for Tuesday, April 23, 2013",12.95,13.00,12.50,12.85,"20,600",0
"Price list and trading summary for Wednesday, April 24, 2013",12.85,12.50,12.50,12.50,"8,000",0
"Price list and trading summary for Friday, April 26, 2013",11.95,11.90,11.00,11.55,"61,100",0
"Price list and trading summary for Monday, April 29, 2013",11.55,11.95,11.50,11.60,"42,700",0
"Price list and trading summary for Wednesday, April 17, 2013",12.65,13.10,12.70,13.00,"144,700",0
"Price list and trading summary for Friday, April 12, 2013",13.90,14.05,12.75,13.30,"242,000",0
"Price list and trading summary for Thursday, May 02, 2013",12.45,12.50,12.40,12.40,"47,800",0
"Price list and trading summary for Monday, April 08, 2013",11.25,12.00,11.40,11.75,"268,000",0
"Price list and trading summary for Tuesday, April 16, 2013",12.95,13.00,12.50,12.65,"156,200",0
"Price list and trading summary for Thursday, April 18, 2013",13.00,13.25,13.00,13.05,"51,700",0
"Price list and trading summary for Tuesday, April 30, 2013",11.60,12.50,12.45,12.45,"13,100",0
"Price list and trading summary for Friday, April 19, 2013",13.05,13.05,13.00,13.00,"84,500",0
"Price list and trading summary for Friday, May 10, 2013",12.70,12.80,12.65,12.70,"11,200",0
"Price list and trading summary for Monday, May 13, 2013",12.70,12.80,12.60,12.65,"24,800",0
"Price list and trading summary for Thursday, April 25, 2013",12.50,12.00,11.80,11.95,"16,300",0
"Price list and trading summary for Wednesday, May 15, 2013",12.55,12.50,12.05,12.05,"121,800",0
"Price list and trading summary for Thursday, May 16, 2013",12.05,12.10,12.10,12.10,"17,100",0
"Price list and trading summary for Friday, May 17, 2013",12.10,12.50,12.10,12.40,"25,400",0
"Price list and trading summary for Monday, May 20, 2013",12.40,12.35,12.30,12.30,"7,400",0
"Price list and trading summary for Tuesday, April 30, 2013",11.60,12.50,12.45,12.45,"13,100",0
"Price list and trading summary for Wednesday, May 22, 2013",12.35,12.40,12.35,12.35,"7,400",0
"Price list and trading summary for Thursday, May 23, 2013",12.35,12.50,12.35,12.35,"28,700",0
"Price list and trading summary for Friday, May 24, 2013",12.35,12.50,12.45,12.45,"36,600",0
"Price list and trading summary for Monday, May 27, 2013",12.45,12.50,12.45,12.45,"20,900",0
"Price list and trading summary for Friday, May 03, 2013",12.40,12.40,12.40,12.40,"50,300",0
"Price list and trading summary for Monday, May 06, 2013",12.40,12.40,12.20,12.35,"5,500",0
"Price list and trading summary for Wednesday, May 29, 2013",12.45,12.55,12.50,12.50,"14,500",0
"Price list and trading summary for Friday, May 31, 2013",12.60,12.80,12.55,12.75,"27,800",0
"Price list and trading summary for Monday, June 03, 2013",12.75,12.90,12.80,12.80,"7,700",0
"Price list and trading summary for Tuesday, June 04, 2013",12.80,12.80,12.80,12.80,"5,000",0
"Price list and trading summary for Tuesday, May 07, 2013",12.35,12.80,12.50,12.65,"3,700",0
"Price list and trading summary for Thursday, June 06, 2013",12.95,13.00,12.90,12.95,"449,300",0
"Price list and trading summary for Tuesday, May 14, 2013",12.65,12.65,12.50,12.55,"11,900",0
"Price list and trading summary for Monday, June 10, 2013",13.00,13.10,13.00,13.05,"27,000",0
"Price list and trading summary for Tuesday, June 11, 2013",13.05,13.15,12.80,12.95,"23,500",0
"Price list and trading summary for Wednesday, June 12, 2013",12.95,12.80,12.80,12.80,700,0
"Price list and trading summary for Thursday, June 13, 2013",12.80,12.80,12.55,12.60,"5,100",0
"Price list and trading summary for Friday, June 14, 2013",12.60,12.65,12.50,12.50,"44,100",0
"Price list and trading summary for Monday, June 17, 2013",12.50,12.50,12.00,12.30,"40,600",0
"Price list and trading summary for Tuesday, June 18, 2013",12.30,12.00,11.80,11.95,"47,600",0
"Price list and trading summary for Wednesday, June 19, 2013",11.95,12.00,11.50,11.85,"8,700",0
"Price list and trading summary for Thursday, June 20, 2013",11.85,11.95,11.95,11.95,"21,200",0
"Price list and trading summary for Thursday, May 30, 2013",12.50,12.75,12.50,12.60,"28,300",0
"Price list and trading summary for Tuesday, May 28, 2013",12.45,12.50,12.45,12.45,"40,200",0
"Price list and trading summary for Thursday, May 09, 2013",12.65,12.90,12.70,12.70,"51,400",0
"Price list and trading summary for Wednesday, May 08, 2013",12.65,13.00,12.60,12.65,"98,000",0
"Price list and trading summary for Tuesday, May 21, 2013",12.30,12.45,12.35,12.35,"95,500",0
"Price list and trading summary for Monday, June 24, 2013",11.90,11.10,11.05,11.05,"1,600",0
"Price list and trading summary for Thursday, June 27, 2013",9.75,9.90,9.20,9.60,"16,600",0
"Price list and trading summary for Friday, June 28, 2013",9.60,10.00,9.75,9.95,"17,500",0
"Price list and trading summary for Wednesday, June 05, 2013",12.80,13.00,12.90,12.95,"51,300",0
"Price list and trading summary for Thursday, July 04, 2013",11.25,12.00,11.60,11.95,"26,300",0
"Price list and trading summary for Tuesday, June 25, 2013",11.05,11.10,10.50,10.75,"44,500",0
"Price list and trading summary for Monday, July 08, 2013",11.90,11.95,11.30,11.40,"2,700",0
"Price list and trading summary for Tuesday, July 09, 2013",11.40,11.55,11.20,11.35,"7,300",0
"Price list and trading summary for Wednesday, July 10, 2013",11.35,11.60,11.50,11.50,"14,000",0
"Price list and trading summary for Thursday, July 11, 2013",11.50,11.95,11.95,11.95,"10,300",0
"Price list and trading summary for Friday, July 12, 2013",11.95,12.00,11.70,11.90,"32,100",0
"Price list and trading summary for Monday, July 15, 2013",11.90,12.50,12.00,12.35,"2,600",0
"Price list and trading summary for Tuesday, July 16, 2013",12.35,12.35,12.00,12.10,"24,200",0
"Price list and trading summary for Friday, June 07, 2013",12.95,13.00,13.00,13.00,0,0
"Price list and trading summary for Tuesday, July 02, 2013",10.55,11.60,10.75,10.95,"5,800",0
"Price list and trading summary for Friday, July 19, 2013",12.15,12.10,12.10,12.10,"18,100",0
"Price list and trading summary for Wednesday, June 26, 2013",10.75,10.25,9.70,9.75,"50,900",0
"Price list and trading summary for Monday, July 22, 2013",12.10,12.10,11.90,11.95,"37,500",0
"Price list and trading summary for Friday, June 21, 2013",11.95,11.90,11.90,11.90,"1,100",0
"Price list and trading summary for Tuesday, July 23, 2013",11.95,11.95,11.95,11.95,0,0
"Price list and trading summary for Wednesday, July 24, 2013",11.95,12.10,11.85,11.95,"13,000",0
"Price list and trading summary for Thursday, July 25, 2013",11.95,12.00,12.00,12.00,"5,000",0
"Price list and trading summary for Friday, July 26, 2013",12.00,12.00,12.00,12.00,"35,500",0
"Price list and trading summary for Monday, July 29, 2013",12.00,12.20,11.70,11.80,"6,600",0
"Price list and trading summary for Tuesday, July 30, 2013",11.80,12.50,12.00,12.05,"13,500",0
"Price list and trading summary for Wednesday, July 31, 2013",12.05,12.00,12.00,12.00,"2,000",0
"Price list and trading summary for Thursday, August 01, 2013",12.00,12.40,12.00,12.00,"2,700",0
"Price list and trading summary for Wednesday, July 03, 2013",10.95,11.60,11.00,11.25,"2,100",0
"Price list and trading summary for Friday, August 02, 2013",12.00,12.20,12.00,12.10,"12,100",0
"Price list and trading summary for Monday, August 05, 2013",12.10,12.30,12.20,12.20,"2,600",0
"Price list and trading summary for Monday, July 01, 2013",9.95,10.55,10.55,10.55,100,0
"Price list and trading summary for Wednesday, August 07, 2013",12.20,12.00,12.00,12.00,"4,900",0
"Price list and trading summary for Thursday, August 08, 2013",12.00,12.10,12.00,12.00,"46,400",0
"Price list and trading summary for Thursday, August 08, 2013",12.00,12.10,12.00,12.00,"46,400",0
"Price list and trading summary for Thursday, August 15, 2013",12.00,12.30,12.10,12.10,"10,300",0
"Price list and trading summary for Wednesday, August 14, 2013",12.25,12.10,12.00,12.00,"9,600",0
"Price list and trading summary for Friday, August 16, 2013",12.10,12.30,12.00,12.05,"17,400",0
"Price list and trading summary for Monday, August 19, 2013",12.05,12.40,11.05,11.55,"3,300",0
"Price list and trading summary for Tuesday, August 20, 2013",11.55,12.00,12.00,12.00,"2,400",0
"Price list and trading summary for Thursday, August 22, 2013",12.00,12.30,12.00,12.15,"1,400",0
"Price list and trading summary for Friday, July 05, 2013",11.95,12.00,11.50,11.90,"38,900",0
"Price list and trading summary for Friday, August 23, 2013",12.15,12.10,12.10,12.10,"1,100",0
"Price list and trading summary for Monday, August 26, 2013",12.10,12.15,12.00,12.00,"16,600",0
"Price list and trading summary for Tuesday, August 27, 2013",12.00,12.30,12.05,12.10,"14,500",0
"Price list and trading summary for Wednesday, August 28, 2013",12.10,12.15,12.00,12.00,"102,000",0
"Price list and trading summary for Friday, August 30, 2013",12.00,12.10,12.05,12.05,"6,000",0
"Price list and trading summary for Monday, September 02, 2013",12.05,12.05,12.00,12.00,"1,500",0
"Price list and trading summary for Tuesday, September 03, 2013",12.00,12.05,12.05,12.05,"6,200",0
"Price list and trading summary for Wednesday, September 04, 2013",12.05,12.05,12.00,12.00,"2,900",0
"Price list and trading summary for Wednesday, July 17, 2013",12.10,12.30,12.00,12.10,"7,500",0
"Price list and trading summary for Friday, September 06, 2013",11.95,12.05,11.95,11.95,"2,900",0
"Price list and trading summary for Monday, September 09, 2013",11.95,12.00,11.80,11.95,"96,600",0
"Price list and trading summary for Tuesday, August 13, 2013",12.20,12.40,12.00,12.25,"12,000",0
"Price list and trading summary for Wednesday, September 11, 2013",11.95,12.00,11.70,11.80,"16,600",0
"Price list and trading summary for Thursday, September 12, 2013",11.80,11.80,11.70,11.70,"4,500",0
"Price list and trading summary for Friday, September 13, 2013",11.70,11.95,11.25,11.60,"6,200",0
"Price list and trading summary for Monday, September 16, 2013",11.60,11.95,11.70,11.75,"2,400",0
"Price list and trading summary for Tuesday, September 17, 2013",11.75,11.70,11.50,11.65,"11,300",0
"Price list and trading summary for Wednesday, September 18, 2013",11.65,11.60,11.50,11.50,"18,800",0
"Price list and trading summary for Thursday, July 18, 2013",12.10,12.30,12.10,12.15,"21,400",0
"Price list and trading summary for Thursday, September 19, 2013",11.50,11.95,11.50,11.85,"1,300",0
"Price list and trading summary for Friday, September 20, 2013",11.85,11.80,11.80,11.80,500,0
"Price list and trading summary for Monday, September 23, 2013",11.80,11.80,11.70,11.70,"1,700",0
"Price list and trading summary for Tuesday, September 24, 2013",11.70,11.75,11.75,11.75,"1,800",0
"Price list and trading summary for Wednesday, September 25, 2013",11.75,11.70,11.25,11.35,"4,000",0
"Price list and trading summary for Thursday, September 26, 2013",11.35,12.00,11.30,11.85,"64,800",0
"Price list and trading summary for Monday, September 30, 2013",11.65,11.90,11.90,11.90,300,0
"Price list and trading summary for Monday, September 30, 2013",11.65,11.90,11.90,11.90,300,0
"Price list and trading summary for Monday, August 12, 2013",12.00,12.25,12.00,12.20,"28,000",0
"Price list and trading summary for Wednesday, October 02, 2013",11.90,11.95,11.70,11.80,"3,700",0
"Price list and trading summary for Thursday, October 03, 2013",11.80,11.70,11.70,11.70,"3,600",0
"Price list and trading summary for Friday, October 04, 2013",11.70,11.95,11.70,11.90,"3,800",0
"Price list and trading summary for Tuesday, October 08, 2013",12.05,12.00,11.90,11.95,"115,400",0
"Price list and trading summary for Wednesday, October 09, 2013",11.95,11.85,11.50,11.60,"2,900",0
"Price list and trading summary for Tuesday, August 06, 2013",12.20,12.20,12.20,12.20,"1,600",0
"Price list and trading summary for Friday, October 11, 2013",11.95,12.50,12.00,12.35,"53,300",0
"Price list and trading summary for Monday, October 14, 2013",12.35,12.50,12.35,12.40,"13,900",0
"Price list and trading summary for Tuesday, October 15, 2013",12.40,12.50,12.35,12.35,"11,100",0
"Price list and trading summary for Wednesday, October 16, 2013",12.35,12.35,12.30,12.30,"6,700",0
"Price list and trading summary for Thursday, October 17, 2013",12.30,12.35,12.30,12.30,"13,600",0
"Price list and trading summary for Friday, October 18, 2013",12.30,12.35,12.30,12.30,"93,500",0
"Price list and trading summary for Tuesday, September 10, 2013",11.95,12.00,11.95,11.95,"1,200",0
"Price list and trading summary for Wednesday, August 21, 2013",12.00,12.10,12.00,12.00,"30,900",0
"Price list and trading summary for Tuesday, October 22, 2013",12.30,12.30,12.05,12.10,"24,800",0
"Price list and trading summary for Wednesday, October 23, 2013",12.10,12.50,12.05,12.10,"94,600",0
"Price list and trading summary for Thursday, October 24, 2013",12.10,13.00,12.50,12.50,"5,100",0
"Price list and trading summary for Friday, October 25, 2013",12.50,12.50,12.05,12.30,"5,500",0
"Price list and trading summary for Thursday, August 29, 2013",12.00,12.15,12.00,12.00,"3,700",0
"Price list and trading summary for Monday, October 28, 2013",12.30,12.10,12.05,12.05,"5,900",0
"Price list and trading summary for Monday, October 28, 2013",12.30,12.10,12.05,12.05,"5,900",0
"Price list and trading summary for Wednesday, October 30, 2013",12.05,12.50,12.05,12.30,"61,900",0
"Price list and trading summary for Friday, November 01, 2013",12.20,12.30,12.00,12.10,"29,500",0
"Price list and trading summary for Thursday, October 31, 2013",12.30,12.30,12.10,12.20,200,0
"Price list and trading summary for Monday, November 04, 2013",12.10,12.40,12.30,12.35,"1,000",0
"Price list and trading summary for Thursday, September 05, 2013",12.00,11.95,11.95,11.95,"1,000",0
"Price list and trading summary for Wednesday, November 06, 2013",12.30,12.60,12.40,12.50,"58,600",0
"Price list and trading summary for Tuesday, November 05, 2013",12.35,12.40,12.30,12.30,"20,800",0
"Price list and trading summary for Friday, November 08, 2013",12.90,13.00,13.00,13.00,"6,000",0
"Price list and trading summary for Monday, November 11, 2013",13.00,13.00,13.00,13.00,"1,400",0
"Price list and trading summary for Thursday, October 10, 2013",11.60,12.05,11.85,11.95,"30,800",0
"Price list and trading summary for Tuesday, November 12, 2013",13.00,13.00,12.50,12.80,"11,400",0
"Price list and trading summary for Monday, October 07, 2013",11.90,12.45,11.70,12.05,"47,000",0
"Price list and trading summary for Monday, November 18, 2013",12.95,14.00,13.00,13.75,"269,300",0
"Price list and trading summary for Wednesday, November 20, 2013",13.60,14.50,14.00,14.25,"82,400",0
"Price list and trading summary for Thursday, November 21, 2013",14.25,15.65,14.45,14.90,"383,700",0
"Price list and trading summary for Friday, September 27, 2013",11.85,11.95,11.60,11.65,"4,100",0
"Price list and trading summary for Friday, November 15, 2013",12.65,13.00,12.60,12.95,"36,100",0
"Price list and trading summary for Friday, November 22, 2013",14.90,14.95,14.20,14.50,"99,200",0
"Price list and trading summary for Monday, November 25, 2013",14.50,15.65,14.25,15.30,"46,600",0
"Price list and trading summary for Wednesday, November 27, 2013",15.60,16.00,15.75,15.75,"42,400",0
"Price list and trading summary for Tuesday, November 26, 2013",15.30,15.75,15.40,15.60,"218,400",0
"Price list and trading summary for Thursday, November 28, 2013",15.75,15.75,15.50,15.60,"101,000",0
"Price list and trading summary for Friday, November 29, 2013",15.60,15.60,15.00,15.50,"48,100",0
"Price list and trading summary for Tuesday, December 03, 2013",14.70,15.50,14.30,14.70,"30,900",0
"Price list and trading summary for Monday, December 02, 2013",15.50,15.60,14.35,14.70,"10,000",0
"Price list and trading summary for Wednesday, December 04, 2013",14.70,14.70,14.50,14.60,"51,800",0
"Price list and trading summary for Thursday, December 05, 2013",14.60,15.45,14.50,14.70,"40,300",0
"Price list and trading summary for Monday, December 09, 2013",14.70,14.30,14.20,14.25,"14,900",0
"Price list and trading summary for Friday, December 06, 2013",14.70,14.75,14.35,14.70,"4,400",0
"Price list and trading summary for Tuesday, December 10, 2013",14.25,14.25,13.70,13.75,"1,400",0
"Price list and trading summary for Friday, October 18, 2013",12.30,12.35,12.30,12.30,"93,500",0
"Price list and trading summary for Wednesday, December 11, 2013",13.75,14.20,13.00,13.65,"10,300",0
"Price list and trading summary for Monday, December 16, 2013",13.65,14.00,13.00,13.30,"7,700",0
"Price list and trading summary for Tuesday, December 17, 2013",13.30,13.75,13.00,13.70,"7,300",0
"Price list and trading summary for Wednesday, December 18, 2013",13.70,13.75,13.15,13.55,"35,900",0
"Price list and trading summary for Thursday, December 19, 2013",13.55,13.70,13.25,13.45,"37,300",0
"Price list and trading summary for Friday, December 20, 2013",13.45,14.15,13.55,13.60,"127,300",0
"Price list and trading summary for Monday, December 23, 2013",13.60,14.25,14.20,14.20,"14,200",0
"Price list and trading summary for Tuesday, December 24, 2013",14.20,14.30,14.20,14.25,"14,300",0
"Price list and trading summary for Tuesday, December 24, 2013",14.20,14.30,14.20,14.25,"14,300",0
"Price list and trading summary for Thursday, November 07, 2013",12.50,13.50,12.30,12.90,"34,800",0
"Price list and trading summary for Wednesday, November 13, 2013",12.80,12.80,12.70,12.70,"12,400",0
"Price list and trading summary for Tuesday, December 31, 2013",15.20,15.50,14.90,15.05,"56,800",0
"Price list and trading summary for Tuesday, December 31, 2013",15.20,15.50,14.90,15.05,"56,800",0
"Price list and trading summary for Thursday, January 02, 2014",15.05,15.50,15.00,15.00,"15,500",0
"Price list and trading summary for Friday, January 03, 2014",15.00,15.10,15.00,15.00,"8,300",0
"Price list and trading summary for Monday, January 06, 2014",15.00,15.05,14.60,15.00,"21,500",0
"Price list and trading summary for Tuesday, January 07, 2014",15.00,15.25,14.60,15.00,"4,200",0
"Price list and trading summary for Wednesday, January 08, 2014",15.00,15.75,15.30,15.65,"19,200",0
"Price list and trading summary for Thursday, November 14, 2013",12.70,12.75,12.50,12.65,"11,800",0
"Price list and trading summary for Thursday, January 09, 2014",15.65,16.45,15.40,15.90,"52,400",0
"Price list and trading summary for Friday, January 10, 2014",15.90,15.95,15.50,15.75,"29,000",0
"Price list and trading summary for Monday, January 13, 2014",15.75,16.10,15.75,15.95,"28,700",0
"Price list and trading summary for Tuesday, January 14, 2014",15.95,16.45,15.80,16.15,"26,600",0
"Price list and trading summary for Wednesday, January 15, 2014",16.15,16.90,16.40,16.70,"60,500",0
"Price list and trading summary for Thursday, January 16, 2014",16.70,17.00,16.00,16.05,"106,300",0
"Price list and trading summary for Friday, January 17, 2014",16.05,16.70,15.80,16.10,"72,900",0
"Price list and trading summary for Monday, January 20, 2014",16.10,16.50,16.50,16.50,"25,600",0
"Price list and trading summary for Tuesday, January 21, 2014",16.50,16.75,15.40,16.25,"51,200",0
"Price list and trading summary for Wednesday, January 22, 2014",16.25,16.20,15.00,15.65,"25,100",0
"Price list and trading summary for Thursday, January 23, 2014",15.65,17.00,15.70,15.95,"260,000",0
"Price list and trading summary for Friday, January 24, 2014",15.95,17.20,14.75,15.75,"373,600",0
"Price list and trading summary for Tuesday, January 28, 2014",15.40,16.90,15.20,16.00,"106,500",0
"Price list and trading summary for Wednesday, January 29, 2014",16.00,16.00,15.05,15.45,"306,900",0
"Price list and trading summary for Monday, January 27, 2014",15.75,17.00,14.90,15.40,"339,900",0
"Price list and trading summary for Friday, January 31, 2014",16.10,16.00,15.55,15.65,"104,700",0
"Price list and trading summary for Thursday, January 30, 2014",15.45,16.80,15.55,16.10,"43,000",0
"Price list and trading summary for Monday, December 30, 2013",15.00,15.60,14.05,15.20,"11,500",0
"Price list and trading summary for Monday, February 03, 2014",15.65,16.00,15.00,15.15,"42,400",0
"Price list and trading summary for Thursday, February 06, 2014",15.90,16.20,16.00,16.00,"38,900",0
"Price list and trading summary for Tuesday, November 19, 2013",13.75,14.50,13.50,13.60,"11,800",0
"Price list and trading summary for Tuesday, December 24, 2013",14.20,14.30,14.20,14.25,"14,300",0
"Price list and trading summary for Monday, February 10, 2014",16.00,16.10,15.90,16.00,"37,300",0
"Price list and trading summary for Wednesday, February 05, 2014",15.85,16.00,15.60,15.90,"12,000",0
"Price list and trading summary for Tuesday, February 11, 2014",16.00,16.15,16.00,16.05,"11,800",0
"Price list and trading summary for Friday, February 14, 2014",16.25,16.60,16.20,16.25,"8,400",0
"Price list and trading summary for Thursday, February 13, 2014",16.25,16.50,16.20,16.25,"81,700",0
"Price list and trading summary for Monday, February 17, 2014",16.25,16.35,16.25,16.30,"1,900",0
"Price list and trading summary for Tuesday, February 18, 2014",16.30,16.40,16.25,16.30,"35,300",0
"Price list and trading summary for Wednesday, December 11, 2013",13.75,14.20,13.00,13.65,"10,300",0
"Price list and trading summary for Wednesday, February 19, 2014",16.30,16.40,16.20,16.30,"36,500",0
"Price list and trading summary for Thursday, February 20, 2014",16.30,16.30,16.30,16.30,"25,100",0
"Price list and trading summary for Monday, February 24, 2014",16.25,16.35,16.20,16.25,"35,700",0
"Price list and trading summary for Friday, February 21, 2014",16.30,16.30,16.25,16.25,"2,600",0
"Price list and trading summary for Tuesday, February 25, 2014",16.25,16.50,16.30,16.35,"22,000",0
"Price list and trading summary for Wednesday, February 26, 2014",16.35,17.00,16.50,16.55,"12,800",0
"Price list and trading summary for Wednesday, December 11, 2013",13.75,14.20,13.00,13.65,"10,300",0
"Price list and trading summary for Friday, February 28, 2014",16.50,16.65,16.35,16.40,"58,100",0
"Price list and trading summary for Monday, March 03, 2014",16.40,16.45,16.30,16.40,"15,200",0
"Price list and trading summary for Tuesday, March 04, 2014",16.40,16.40,16.25,16.30,"146,000",0
"Price list and trading summary for Thursday, March 06, 2014",16.20,16.15,16.00,16.05,"20,400",0
"Price list and trading summary for Thursday, February 27, 2014",16.55,16.60,16.50,16.50,"1,500",0
"Price list and trading summary for Monday, March 10, 2014",16.20,16.30,16.00,16.15,"38,800",0
"Price list and trading summary for Tuesday, March 11, 2014",16.15,16.35,16.20,16.20,"55,900",0
"Price list and trading summary for Friday, March 07, 2014",16.05,16.30,16.15,16.20,"29,400",0
"Price list and trading summary for Wednesday, March 12, 2014",16.20,16.20,16.00,16.05,"17,600",0
"Price list and trading summary for Thursday, March 13, 2014",16.05,16.25,16.25,16.25,"31,500",0
"Price list and trading summary for Friday, March 14, 2014",16.25,16.40,16.15,16.30,"89,600",0
"Price list and trading summary for Tuesday, March 18, 2014",16.40,16.60,16.40,16.55,"12,900",0
"Price list and trading summary for Wednesday, March 19, 2014",16.55,17.00,16.60,16.65,"1,200",0
"Price list and trading summary for Thursday, March 20, 2014",16.65,17.00,16.60,16.70,"38,900",0
"Price list and trading summary for Friday, March 21, 2014",16.70,16.90,16.50,16.70,"4,300",0
"Price list and trading summary for Friday, December 27, 2013",14.25,15.00,15.00,15.00,"1,200",0
"Price list and trading summary for Tuesday, March 25, 2014",16.65,16.70,16.20,16.20,"82,400",0
"Price list and trading summary for Wednesday, March 26, 2014",16.20,16.70,16.50,16.60,"21,700",0
"Price list and trading summary for Thursday, March 27, 2014",16.60,16.70,16.40,16.45,"36,500",0
"Price list and trading summary for Friday, March 28, 2014",16.45,16.80,16.70,16.70,"4,000",0
"Price list and trading summary for Monday, March 31, 2014",16.70,16.60,16.50,16.55,"6,000",0
"Price list and trading summary for Friday, February 07, 2014",16.00,16.10,16.00,16.00,"43,800",0
"Price list and trading summary for Wednesday, April 02, 2014",16.40,16.70,16.40,16.60,"28,600",0
"Price list and trading summary for Thursday, April 03, 2014",16.60,16.70,16.50,16.55,"23,400",0
"Price list and trading summary for Monday, April 07, 2014",16.00,16.00,15.10,15.20,"6,100",0
"Price list and trading summary for Friday, April 04, 2014",16.55,16.55,15.50,16.00,"19,900",0
"Price list and trading summary for Tuesday, April 08, 2014",15.20,16.05,15.20,15.90,"7,500",0
"Price list and trading summary for Wednesday, April 09, 2014",15.90,16.00,15.20,15.45,"13,900",0
"Price list and trading summary for Thursday, April 10, 2014",15.45,17.50,16.05,17.10,"108,300",0
"Price list and trading summary for Monday, April 14, 2014",17.45,18.05,17.55,17.75,"155,600",0
"Price list and trading summary for Friday, April 11, 2014",17.10,17.50,17.15,17.45,"119,100",0
"Price list and trading summary for Tuesday, April 15, 2014",17.75,19.10,18.15,18.70,"254,100",0
"Price list and trading summary for Thursday, April 17, 2014",19.00,19.50,18.45,18.75,"59,000",0
"Price list and trading summary for Wednesday, April 16, 2014",18.70,19.85,18.70,19.00,"205,400",0
"Price list and trading summary for Wednesday, February 12, 2014",16.05,16.30,16.10,16.25,"244,200",0
"Price list and trading summary for Tuesday, April 22, 2014",18.75,19.00,18.75,18.80,"19,800",0
"Price list and trading summary for Wednesday, April 23, 2014",18.80,18.75,18.10,18.35,"116,700",0
"Price list and trading summary for Thursday, April 24, 2014",18.35,19.00,18.40,18.50,"11,000",0
"Price list and trading summary for Wednesday, March 05, 2014",16.30,16.25,16.00,16.20,"24,600",0
"Price list and trading summary for Monday, March 24, 2014",16.70,16.85,16.50,16.65,"25,800",0
"Price list and trading summary for Monday, April 28, 2014",19.20,19.30,19.00,19.00,"111,100",0
"Price list and trading summary for Tuesday, April 29, 2014",19.00,20.75,19.00,20.25,"264,800",0
"Price list and trading summary for Friday, April 25, 2014",18.50,19.50,18.75,19.20,"119,400",0
"Price list and trading summary for Wednesday, April 30, 2014",20.25,22.25,22.00,22.00,"476,700",0
"Price list and trading summary for Monday, March 17, 2014",16.30,16.50,16.40,16.40,"11,000",0
"Price list and trading summary for Monday, May 05, 2014",22.00,23.00,21.50,22.00,"35,400",0
"Price list and trading summary for Tuesday, May 06, 2014",22.00,23.00,22.00,22.50,"287,800",0
"Price list and trading summary for Wednesday, May 07, 2014",22.50,22.75,22.50,22.50,"44,900",0
"Price list and trading summary for Thursday, May 08, 2014",22.50,23.00,22.00,22.25,"65,000",0
"Price list and trading summary for Friday, May 09, 2014",22.25,22.50,21.75,22.00,"72,400",0
"Price list and trading summary for Monday, May 12, 2014",22.00,22.50,21.00,21.75,"90,300",0
"Price list and trading summary for Tuesday, April 01, 2014",16.55,16.70,16.40,16.40,"37,600",0
"Price list and trading summary for Tuesday, February 04, 2014",15.15,16.10,15.50,15.85,"37,500",0
"Price list and trading summary for Wednesday, May 14, 2014",20.75,21.00,19.05,20.00,5.04,0
"Price list and trading summary for Thursday, May 15, 2014",20.00,21.00,19.60,20.00,"189,000",0
"Price list and trading summary for Monday, May 19, 2014",21.25,22.00,21.25,21.75,"40,100",0
"Price list and trading summary for Friday, May 16, 2014",20.00,21.75,20.50,21.25,"14,800",0
"Price list and trading summary for Tuesday, May 20, 2014",21.75,21.50,20.00,21.00,"33,900",0
"Price list and trading summary for Wednesday, May 21, 2014",21.00,21.50,20.75,20.75,"353,100",0
"Price list and trading summary for Thursday, May 22, 2014",20.75,20.75,18.00,19.90,"81,400",0
"Price list and trading summary for Friday, May 23, 2014",19.90,19.80,18.40,19.70,"21,800",0
"Price list and trading summary for Monday, May 26, 2014",19.70,19.65,19.00,19.10,"17,100",0
"Price list and trading summary for Wednesday, May 28, 2014",18.10,18.10,16.50,17.15,"62,900",0
"Price list and trading summary for Tuesday, May 27, 2014",19.10,18.50,18.00,18.10,"92,300",0
"Price list and trading summary for Thursday, May 29, 2014",17.15,18.80,17.05,17.85,"152,400",0
"Price list and trading summary for Friday, May 30, 2014",17.85,19.50,17.00,17.20,"336,800",0
"Price list and trading summary for Wednesday, June 04, 2014",17.70,19.35,16.65,17.75,"367,400",0
"Price list and trading summary for Thursday, June 05, 2014",17.75,18.00,17.95,17.95,"17,200",0
"Price list and trading summary for Friday, May 02, 2014",22.00,22.50,22.00,22.00,"211,500",0
"Price list and trading summary for Monday, June 09, 2014",17.75,18.00,17.20,17.60,"19,700",0
"Price list and trading summary for Tuesday, June 10, 2014",17.60,18.90,17.40,17.60,"35,400",0
"Price list and trading summary for Wednesday, June 11, 2014",17.60,18.60,17.10,17.60,"48,700",0
"Price list and trading summary for Thursday, June 12, 2014",17.60,18.05,17.15,17.65,"91,200",0
"Price list and trading summary for Friday, June 13, 2014",17.65,17.50,17.20,17.45,"21,900",0
"Price list and trading summary for Monday, June 16, 2014",17.45,18.45,17.50,17.80,"23,500",0
"Price list and trading summary for Tuesday, June 17, 2014",17.80,17.95,17.50,17.80,"14,000",0
"Price list and trading summary for Thursday, April 17, 2014",19.00,19.50,18.45,18.75,"59,000",0
"Price list and trading summary for Thursday, June 19, 2014",17.80,18.30,17.90,18.00,"15,100",0
"Price list and trading summary for Friday, June 20, 2014",18.00,18.40,18.00,18.20,"52,400",0
"Price list and trading summary for Wednesday, April 30, 2014",20.25,22.25,22.00,22.00,"476,700",0
"Price list and trading summary for Tuesday, June 03, 2014",17.20,18.90,17.20,17.70,"108,800",0
"Price list and trading summary for Monday, June 23, 2014",18.20,18.40,17.80,18.25,"65,800",0
"Price list and trading summary for Friday, May 30, 2014",17.85,19.50,17.00,17.20,"336,800",0
"Price list and trading summary for Tuesday, June 24, 2014",18.25,18.20,17.05,17.45,"294,400",0
"Price list and trading summary for Wednesday, June 25, 2014",17.45,17.95,16.60,17.20,"111,200",0
"Price list and trading summary for Thursday, June 26, 2014",17.20,17.65,16.00,17.25,"119,300",0
"Price list and trading summary for Tuesday, July 01, 2014",18.15,18.50,18.30,18.35,"21,100",0
"Price list and trading summary for Monday, June 30, 2014",17.25,18.30,18.00,18.15,"62,300",0
"Price list and trading summary for Wednesday, July 02, 2014",18.35,18.75,17.25,17.95,"399,400",0
"Price list and trading summary for Thursday, April 17, 2014",19.00,19.50,18.45,18.75,"59,000",0
"Price list and trading summary for Thursday, July 03, 2014",17.95,18.30,16.80,17.45,"328,800",0
"Price list and trading summary for Friday, July 04, 2014",17.45,18.00,16.85,17.05,"210,800",0
"Price list and trading summary for Monday, July 07, 2014",17.05,18.20,17.00,17.60,"195,000",0
"Price list and trading summary for Wednesday, July 09, 2014",17.60,18.20,17.80,17.95,"177,100",0
"Price list and trading summary for Tuesday, July 08, 2014",17.60,18.20,17.10,17.60,"154,900",0
"Price list and trading summary for Thursday, July 10, 2014",17.95,18.50,18.10,18.40,"195,100",0
"Price list and trading summary for Friday, July 11, 2014",18.40,18.40,18.15,18.20,"60,000",0
"Price list and trading summary for Monday, July 14, 2014",18.20,18.35,17.90,18.05,"305,500",0
"Price list and trading summary for Thursday, July 17, 2014",17.85,18.00,17.70,17.85,"15,200",0
"Price list and trading summary for Tuesday, July 15, 2014",18.05,18.20,17.60,17.90,"149,600",0
"Price list and trading summary for Wednesday, July 16, 2014",17.90,18.15,17.70,17.85,"86,400",0
"Price list and trading summary for Tuesday, May 13, 2014",21.75,21.75,20.50,20.75,"89,300",0
"Price list and trading summary for Friday, July 18, 2014",17.85,18.30,17.90,18.00,"58,200",0
"Price list and trading summary for Friday, June 06, 2014",17.95,18.00,16.70,17.75,"55,000",0
"Price list and trading summary for Wednesday, July 23, 2014",17.90,18.00,17.90,17.90,"16,500",0
"Price list and trading summary for Friday, July 25, 2014",17.80,18.00,17.80,17.90,"30,800",0
"Price list and trading summary for Thursday, July 24, 2014",17.90,18.00,17.70,17.80,"22,700",0
"Price list and trading summary for Monday, July 21, 2014",18.00,18.40,18.00,18.00,"98,300",0
"Price list and trading summary for Monday, July 28, 2014",17.90,17.95,17.80,17.90,"17,000",0
"Price list and trading summary for Wednesday, July 30, 2014",17.90,18.00,17.70,17.75,"117,600",0
"Price list and trading summary for Monday, July 28, 2014",17.90,17.95,17.80,17.90,"17,000",0
"Price list and trading summary for Thursday, July 31, 2014",17.75,17.95,17.70,17.80,"146,000",0
"Price list and trading summary for Friday, August 01, 2014",17.80,18.00,17.80,17.85,"100,700",0
"Price list and trading summary for Thursday, August 07, 2014",17.90,18.00,17.50,17.70,"157,000",0
"Price list and trading summary for Wednesday, August 06, 2014",17.95,18.00,17.85,17.90,"69,100",0
"Price list and trading summary for Tuesday, August 05, 2014",17.80,18.00,17.95,17.95,"49,900",0
"Price list and trading summary for Wednesday, June 18, 2014",17.80,18.20,17.60,17.80,"17,500",0
"Price list and trading summary for Monday, August 11, 2014",17.90,18.40,18.00,18.10,"20,100",0
"Price list and trading summary for Friday, August 08, 2014",17.70,18.00,17.70,17.90,"42,100",0
"Price list and trading summary for Friday, August 15, 2014",17.90,17.85,17.50,17.70,"32,100",0
"Price list and trading summary for Thursday, August 14, 2014",17.90,17.90,17.90,17.90,"19,200",0
"Price list and trading summary for Monday, August 04, 2014",17.85,18.00,17.70,17.80,"35,500",0
"Price list and trading summary for Tuesday, August 12, 2014",18.10,18.20,17.90,17.90,"48,300",0
"Price list and trading summary for Wednesday, August 13, 2014",17.90,18.00,17.15,17.90,"23,400",0
"Price list and trading summary for Monday, August 18, 2014",17.70,17.90,17.70,17.80,"73,300",0
"Price list and trading summary for Tuesday, August 19, 2014",17.80,18.00,17.50,17.60,"47,300",0
"Price list and trading summary for Wednesday, August 20, 2014",17.60,17.70,17.70,17.70,"13,200",0
"Price list and trading summary for Friday, June 27, 2014",17.25,17.95,16.55,17.25,"47,900",0
"Price list and trading summary for Thursday, August 21, 2014",17.70,17.80,17.65,17.75,"42,600",0
"Price list and trading summary for Friday, August 22, 2014",17.75,17.90,17.70,17.80,"12,200",0
"Price list and trading summary for Tuesday, July 22, 2014",18.00,18.00,17.70,17.90,"34,300",0
"Price list and trading summary for Monday, August 25, 2014",17.80,18.00,17.55,17.65,"24,600",0
"Price list and trading summary for Friday, August 29, 2014",17.95,18.50,18.00,18.00,"345,700",0
"Price list and trading summary for Thursday, August 28, 2014",17.70,18.00,17.80,17.95,"21,600",0
"Price list and trading summary for Tuesday, August 26, 2014",17.65,17.60,17.50,17.50,"28,900",0
"Price list and trading summary for Wednesday, August 27, 2014",17.50,18.20,17.50,17.70,"324,900",0
"Price list and trading summary for Monday, September 01, 2014",18.00,18.45,17.00,17.70,"17,500",0
"Price list and trading summary for Tuesday, September 02, 2014",17.70,18.50,18.00,18.35,"26,900",0
"Price list and trading summary for Wednesday, September 03, 2014",18.35,18.30,17.50,17.75,"51,500",0
"Price list and trading summary for Thursday, September 04, 2014",17.75,18.30,18.00,18.00,"30,000",0
"Price list and trading summary for Friday, September 05, 2014",18.00,18.20,18.00,18.05,"48,400",0
"Price list and trading summary for Monday, September 08, 2014",18.05,18.20,18.00,18.00,"1,400",0
"Price list and trading summary for Tuesday, September 09, 2014",18.00,18.20,18.00,18.05,"31,200",0
"Price list and trading summary for Wednesday, September 10, 2014",18.05,18.20,18.00,18.00,"10,300",0
"Price list and trading summary for Friday, September 12, 2014",18.05,18.30,17.85,18.00,"87,100",0
"Price list and trading summary for Monday, September 15, 2014",18.00,18.30,18.00,18.10,"28,300",0
"Price list and trading summary for Wednesday, September 17, 2014",18.25,18.40,18.30,18.30,"29,500",0
"Price list and trading summary for Tuesday, September 16, 2014",18.10,18.40,18.00,18.25,"15,900",0
"Price list and trading summary for Thursday, September 18, 2014",18.30,18.50,18.30,18.30,"60,900",0
"Price list and trading summary for Friday, September 19, 2014",18.30,20.00,18.30,19.10,"351,700",0
"Price list and trading summary for Monday, September 22, 2014",19.10,21.00,21.00,21.00,"78,900",0
"Price list and trading summary for Wednesday, September 24, 2014",22.50,24.75,23.00,24.50,1.10,0
"Price list and trading summary for Thursday, September 11, 2014",18.00,18.10,18.05,18.05,"12,500",0
"Price list and trading summary for Tuesday, September 23, 2014",21.00,23.00,21.00,22.50,1.07,0
"Price list and trading summary for Monday, September 29, 2014",22.50,22.50,21.00,21.50,"139,400",0
"Price list and trading summary for Thursday, September 25, 2014",24.50,26.00,22.50,23.25,"252,600",0
"Price list and trading summary for Friday, September 26, 2014",23.25,23.00,22.25,22.50,"27,700",0
"Price list and trading summary for Tuesday, September 30, 2014",21.50,22.00,19.50,20.25,"172,700",0
"Price list and trading summary for Thursday, October 02, 2014",21.50,23.25,21.75,22.50,"107,400",0
"Price list and trading summary for Friday, October 03, 2014",22.50,22.50,21.75,22.00,"220,200",0
"Price list and trading summary for Monday, October 06, 2014",22.00,22.75,22.00,22.25,"136,700",0
"Price list and trading summary for Tuesday, October 07, 2014",22.25,22.50,21.75,22.00,"49,800",0
"Price list and trading summary for Wednesday, October 08, 2014",22.00,22.25,21.50,21.75,"105,700",0
"Price list and trading summary for Friday, October 10, 2014",22.25,23.00,22.50,22.50,"59,500",0
"Price list and trading summary for Tuesday, October 14, 2014",22.50,22.50,22.00,22.25,"209,900",0
"Price list and trading summary for Wednesday, October 15, 2014",22.25,22.75,22.25,22.50,"30,600",0
"Price list and trading summary for Thursday, October 16, 2014",22.50,22.75,22.50,22.50,"17,800",0
"Price list and trading summary for Friday, October 17, 2014",22.50,23.00,22.00,22.50,"91,300",0
"Price list and trading summary for Tuesday, October 21, 2014",22.50,23.00,22.25,22.25,"32,400",0
"Price list and trading summary for Thursday, October 23, 2014",22.25,23.00,22.50,22.75,"48,500",0
"Price list and trading summary for Friday, October 24, 2014",22.75,22.75,22.50,22.50,"32,700",0
"Price list and trading summary for Monday, October 27, 2014",22.50,23.50,22.50,22.75,"142,600",0
"Price list and trading summary for Tuesday, October 28, 2014",22.75,23.50,22.50,22.50,"6,600",0
"Price list and trading summary for Wednesday, October 22, 2014",22.25,22.50,22.00,22.25,"57,900",0
"Price list and trading summary for Thursday, October 30, 2014",22.75,23.00,22.75,22.75,"49,200",0
"Price list and trading summary for Friday, October 31, 2014",22.75,23.50,23.00,23.00,"65,400",0
"Price list and trading summary for Tuesday, November 04, 2014",23.00,23.50,22.50,22.75,"54,000",0
"Price list and trading summary for Monday, November 03, 2014",23.00,23.50,23.00,23.00,"26,900",0
"Price list and trading summary for Thursday, November 06, 2014",22.75,23.00,22.75,22.75,"15,500",0
"Price list and trading summary for Wednesday, October 29, 2014",22.50,23.25,22.50,22.75,"30,500",0
"Price list and trading summary for Friday, November 07, 2014",22.75,23.50,22.75,22.75,"88,600",0
"Price list and trading summary for Monday, November 10, 2014",22.75,23.00,22.75,22.75,1.10,0
"Price list and trading summary for Wednesday, November 05, 2014",22.75,23.50,22.75,22.75,"13,700",0
"Price list and trading summary for Tuesday, November 11, 2014",22.75,23.50,22.75,23.00,"85,300",0
"Price list and trading summary for Thursday, November 13, 2014",22.75,23.00,22.75,22.75,"68,500",0
"Price list and trading summary for Wednesday, November 12, 2014",23.00,23.00,22.75,22.75,"50,800",0
"Price list and trading summary for Monday, November 17, 2014",23.50,24.00,23.25,23.50,"17,600",0
"Price list and trading summary for Friday, November 14, 2014",22.75,25.00,23.00,23.50,"37,800",0
"Price list and trading summary for Tuesday, November 18, 2014",23.50,24.00,23.75,23.75,"4,400",0
"Price list and trading summary for Wednesday, November 19, 2014",23.75,23.75,23.75,23.75,"7,200",0
"Price list and trading summary for Thursday, November 20, 2014",23.75,23.50,22.50,22.75,"60,600",0
"Price list and trading summary for Tuesday, November 25, 2014",22.50,22.75,22.50,22.50,"13,700",0
"Price list and trading summary for Friday, November 21, 2014",22.75,23.75,22.25,22.75,"63,200",0
"Price list and trading summary for Wednesday, November 26, 2014",22.50,23.00,23.00,23.00,"122,700",0
"Price list and trading summary for Monday, November 24, 2014",22.75,23.75,22.00,22.50,"18,700",0
"Price list and trading summary for Friday, November 28, 2014",22.75,23.00,22.00,22.00,"9,900",0
"Price list and trading summary for Tuesday, December 02, 2014",22.00,23.25,22.50,22.75,"32,000",0
"Price list and trading summary for Wednesday, December 03, 2014",22.75,23.75,22.50,23.50,"5,400",0
"Price list and trading summary for Monday, December 01, 2014",22.00,23.00,21.50,22.00,"26,800",0
"Price list and trading summary for Thursday, December 04, 2014",23.50,23.50,22.50,22.75,"46,900",0
"Price list and trading summary for Friday, December 05, 2014",22.75,23.00,22.50,22.75,"24,000",0
"Price list and trading summary for Tuesday, December 09, 2014",22.50,23.00,22.50,22.75,"41,900",0
"Price list and trading summary for Monday, December 08, 2014",22.75,23.00,22.50,22.50,"40,600",0
"Price list and trading summary for Wednesday, December 10, 2014",22.75,23.00,22.75,22.75,"17,900",0
"Price list and trading summary for Thursday, December 11, 2014",22.75,23.00,22.75,22.75,"1,200",0
"Price list and trading summary for Thursday, December 11, 2014",22.75,23.00,22.75,22.75,"1,200",0
"Price list and trading summary for Monday, December 15, 2014",22.75,24.00,22.50,23.00,"281,600",0
"Price list and trading summary for Monday, October 13, 2014",22.50,23.00,22.50,22.50,"39,000",0
"Price list and trading summary for Tuesday, December 16, 2014",23.00,24.00,22.75,22.75,"8,300",0
"Price list and trading summary for Thursday, October 09, 2014",21.75,23.00,22.25,22.25,"151,000",0
"Price list and trading summary for Thursday, December 18, 2014",23.00,24.00,22.75,22.75,"23,300",0
"Price list and trading summary for Wednesday, December 17, 2014",22.75,23.25,22.75,23.00,"50,300",0
"Price list and trading summary for Monday, December 22, 2014",23.00,22.75,22.50,22.50,"74,200",0
"Price list and trading summary for Tuesday, December 23, 2014",22.50,23.00,22.50,22.50,"62,600",0
"Price list and trading summary for Wednesday, October 01, 2014",20.25,22.25,21.00,21.50,"52,100",0
"Price list and trading summary for Friday, December 19, 2014",22.75,23.50,22.50,23.00,"22,200",0
"Price list and trading summary for Wednesday, December 24, 2014",22.50,23.50,23.00,23.00,"133,300",0
"Price list and trading summary for Friday, October 17, 2014",22.50,23.00,22.00,22.50,"91,300",0
"Price list and trading summary for Monday, December 29, 2014",23.00,23.00,22.50,22.75,"70,900",0
"Price list and trading summary for Wednesday, December 31, 2014",23.25,24.00,23.00,23.25,"6,100",0
"Price list and trading summary for Tuesday, December 30, 2014",22.75,24.00,23.25,23.25,"67,800",0
"Price list and trading summary for Monday, January 05, 2015",23.25,24.00,24.00,24.00,"201,500",0
"Price list and trading summary for Friday, January 02, 2015",23.25,23.50,23.25,23.25,700,0
"Price list and trading summary for Tuesday, January 06, 2015",24.00,24.00,23.00,23.25,"41,700",0
"Price list and trading summary for Wednesday, December 31, 2014",23.25,24.00,23.00,23.25,"6,100",0
"Price list and trading summary for Wednesday, December 24, 2014",22.50,23.50,23.00,23.00,"133,300",0
"Price list and trading summary for Thursday, November 27, 2014",23.00,23.00,22.50,22.75,"60,300",0
"Price list and trading summary for Monday, January 12, 2015",23.50,25.00,23.00,23.00,"20,200",0
"Price list and trading summary for Thursday, January 08, 2015",23.50,24.00,23.50,23.50,"21,800",0
"Price list and trading summary for Wednesday, January 07, 2015",23.25,24.00,23.00,23.50,"553,500",0
"Price list and trading summary for Wednesday, December 24, 2014",22.50,23.50,23.00,23.00,"133,300",0
"Price list and trading summary for Tuesday, January 13, 2015",23.00,24.00,23.00,23.00,"20,600",0
"Price list and trading summary for Friday, January 09, 2015",23.50,24.00,23.00,23.50,"8,400",0
"Price list and trading summary for Wednesday, January 14, 2015",23.00,23.50,23.00,23.00,"10,800",0
"Price list and trading summary for Thursday, January 15, 2015",23.00,23.50,23.00,23.00,"4,200",0
"Price list and trading summary for Friday, January 16, 2015",23.00,24.00,23.00,23.25,"53,400",0
"Price list and trading summary for Monday, January 19, 2015",23.25,24.00,23.00,23.25,"6,200",0
"Price list and trading summary for Tuesday, January 20, 2015",23.25,24.00,23.00,23.50,"11,000",0
"Price list and trading summary for Wednesday, January 21, 2015",23.50,24.00,23.50,23.50,"3,000",0
"Price list and trading summary for Thursday, January 22, 2015",23.50,23.50,23.00,23.25,"4,200",0
"Price list and trading summary for Monday, January 26, 2015",23.25,23.50,23.25,23.25,"21,100",0
"Price list and trading summary for Wednesday, January 28, 2015",23.25,24.00,23.00,23.50,"9,800",0
"Price list and trading summary for Tuesday, January 27, 2015",23.25,23.50,23.25,23.25,"4,100",0
"Price list and trading summary for Friday, January 23, 2015",23.25,23.50,23.25,23.25,"7,900",0
"Price list and trading summary for Thursday, January 29, 2015",23.50,24.50,23.75,24.25,"39,500",0
"Price list and trading summary for Friday, January 30, 2015",24.25,24.50,24.00,24.00,"14,900",0
"Price list and trading summary for Monday, February 02, 2015",24.00,24.50,24.00,24.00,"30,100",0
"Price list and trading summary for Tuesday, February 03, 2015",24.00,25.00,24.00,24.00,"7,400",0
"Price list and trading summary for Wednesday, February 04, 2015",24.00,25.00,24.00,24.00,"17,800",0
"Price list and trading summary for Friday, February 06, 2015",24.25,24.50,24.00,24.00,"36,900",0
"Price list and trading summary for Thursday, February 05, 2015",24.00,24.50,24.00,24.25,"49,700",0
"Price list and trading summary for Tuesday, February 10, 2015",24.00,24.25,24.00,24.00,"34,600",0
"Price list and trading summary for Monday, February 09, 2015",24.00,24.50,24.00,24.00,"27,700",0
"Price list and trading summary for Wednesday, February 11, 2015",24.00,24.50,22.00,23.75,"36,400",0
"Price list and trading summary for Thursday, February 12, 2015",23.75,25.00,24.50,24.50,"7,700",0
"Price list and trading summary for Monday, February 16, 2015",24.50,24.75,24.00,24.50,"20,800",0
"Price list and trading summary for Friday, February 13, 2015",24.50,24.75,24.50,24.50,800,0
"Price list and trading summary for Tuesday, February 17, 2015",24.50,24.00,22.50,23.25,"30,000",0
"Price list and trading summary for Thursday, February 19, 2015",23.75,24.50,24.25,24.25,"224,500",0
"Price list and trading summary for Wednesday, February 18, 2015",23.25,24.50,23.00,23.75,"820,000",0
"Price list and trading summary for Friday, February 20, 2015",24.25,25.00,24.50,24.50,"36,400",0
"Price list and trading summary for Monday, February 23, 2015",24.50,25.25,24.50,24.75,"92,800",0
"Price list and trading summary for Tuesday, February 24, 2015",24.75,24.50,23.75,24.00,"20,100",0
"Price list and trading summary for Thursday, February 26, 2015",24.25,25.00,24.50,24.75,"50,400",0
"Price list and trading summary for Wednesday, February 25, 2015",24.00,24.50,24.00,24.25,"25,900",0
"Price list and trading summary for Friday, February 27, 2015",24.75,24.75,24.50,24.50,"20,000",0
"Price list and trading summary for Monday, March 02, 2015",24.50,25.00,24.50,24.75,"9,300",0
"Price list and trading summary for Tuesday, March 03, 2015",24.75,24.75,24.50,24.50,"13,000",0
"Price list and trading summary for Wednesday, March 04, 2015",24.50,25.00,24.50,24.50,"44,600",0
"Price list and trading summary for Thursday, March 05, 2015",24.50,24.50,24.00,24.00,"5,900",0
"Price list and trading summary for Friday, March 06, 2015",24.00,24.50,24.00,24.25,"38,600",0
"Price list and trading summary for Monday, March 09, 2015",24.25,24.50,24.00,24.00,"91,800",0
"Price list and trading summary for Tuesday, March 10, 2015",24.00,24.50,24.00,24.00,"51,900",0
"Price list and trading summary for Wednesday, March 11, 2015",24.00,24.75,24.00,24.00,"97,800",0
"Price list and trading summary for Thursday, March 12, 2015",24.00,24.75,24.50,24.50,"41,700",0
"Price list and trading summary for Friday, March 13, 2015",24.50,25.00,24.50,24.75,"156,400",0
"Price list and trading summary for Monday, March 16, 2015",24.75,25.75,24.75,24.75,"14,200",0
"Price list and trading summary for Tuesday, March 17, 2015",24.75,25.00,24.50,24.50,"13,500",0
"Price list and trading summary for Wednesday, March 18, 2015",24.50,24.75,24.50,24.50,"9,700",0
"Price list and trading summary for Thursday, March 19, 2015",24.50,25.50,24.75,24.75,"22,800",0
"Price list and trading summary for Friday, March 20, 2015",24.75,25.50,24.75,25.00,"15,600",0
"Price list and trading summary for Monday, March 23, 2015",25.00,25.00,25.00,25.00,"2,400",0
"Price list and trading summary for Tuesday, March 24, 2015",25.00,25.50,24.50,24.50,"22,600",0
"Price list and trading summary for Wednesday, March 25, 2015",24.50,24.75,24.75,24.75,"15,600",0
"Price list and trading summary for Thursday, March 26, 2015",24.75,25.00,25.00,25.00,"6,100",0
"Price list and trading summary for Friday, March 27, 2015",25.00,25.50,24.50,24.50,"2,900",0
"Price list and trading summary for Monday, March 30, 2015",24.50,25.00,24.50,24.50,"20,900",0
"Price list and trading summary for Tuesday, March 31, 2015",24.50,26.00,24.75,25.00,"14,800",0
"Price list and trading summary for Wednesday, April 01, 2015",25.00,26.00,25.00,25.00,"21,000",0
"Price list and trading summary for Thursday, April 02, 2015",25.00,25.75,25.00,25.25,"4,300",0
"Price list and trading summary for Tuesday, April 07, 2015",25.25,25.25,25.00,25.00,"3,900",0
"Price list and trading summary for Wednesday, April 08, 2015",25.00,25.25,25.00,25.00,"28,300",0
"Price list and trading summary for Tuesday, April 14, 2015",23.00,24.00,23.00,23.50,"164,200",0
"Price list and trading summary for Friday, April 17, 2015",23.00,24.00,23.00,23.75,"1,000",0
"Price list and trading summary for Thursday, April 09, 2015",25.00,25.25,24.00,24.50,"303,800",0
"Price list and trading summary for Friday, April 10, 2015",24.50,26.00,22.25,24.75,"46,400",0
"Price list and trading summary for Thursday, April 16, 2015",23.25,24.75,23.00,23.00,"15,400",0
"Price list and trading summary for Monday, April 20, 2015",23.75,24.00,23.75,23.75,700,0
"Price list and trading summary for Tuesday, April 21, 2015",23.75,24.00,23.00,23.00,"8,000",0
"Price list and trading summary for Thursday, April 23, 2015",23.25,23.50,23.00,23.00,"15,200",0
"Price list and trading summary for Friday, April 24, 2015",23.00,24.00,23.00,23.25,"106,500",0
"Price list and trading summary for Tuesday, April 28, 2015",23.25,25.00,23.50,24.50,"207,800",0
"Price list and trading summary for Wednesday, April 29, 2015",24.50,25.00,23.25,23.75,"3,600",0
"Price list and trading summary for Thursday, April 30, 2015",23.75,24.00,21.50,22.50,"165,500",0
"Price list and trading summary for Monday, May 04, 2015",22.50,24.75,21.00,21.00,33.22,0
"Price list and trading summary for Monday, April 13, 2015",24.75,24.00,23.00,23.00,"3,100",0
"Price list and trading summary for Tuesday, May 05, 2015",21.00,23.00,22.25,22.75,"12,000",0
"Price list and trading summary for Thursday, May 07, 2015",23.75,24.00,22.50,23.00,"1,600",0
"Price list and trading summary for Wednesday, May 06, 2015",22.75,25.00,23.00,23.75,"19,100",0
"Price list and trading summary for Friday, May 08, 2015",23.00,23.50,23.00,23.00,"9,800",0
"Price list and trading summary for Monday, May 11, 2015",23.00,25.25,23.50,24.75,"264,000",0
"Price list and trading summary for Tuesday, May 12, 2015",24.75,25.25,23.50,23.75,"14,100",0
"Price list and trading summary for Wednesday, May 13, 2015",23.75,25.00,23.50,24.75,"591,300",0
"Price list and trading summary for Thursday, May 14, 2015",24.75,25.00,24.75,24.75,"16,800",0
"Price list and trading summary for Monday, May 18, 2015",24.75,25.00,24.50,24.50,"3,200",0
"Price list and trading summary for Tuesday, May 19, 2015",24.50,25.25,24.00,24.75,"72,900",0
"Price list and trading summary for Wednesday, May 20, 2015",24.75,25.00,24.25,24.75,"67,900",0
"Price list and trading summary for Thursday, May 21, 2015",24.75,25.00,24.00,24.00,"3,900",0
"Price list and trading summary for Friday, May 22, 2015",24.00,24.75,24.00,24.50,"5,400",0
"Price list and trading summary for Monday, May 25, 2015",24.50,25.00,24.00,24.75,"54,900",0
"Price list and trading summary for Wednesday, April 15, 2015",23.50,24.25,23.00,23.25,"2,900",0
"Price list and trading summary for Tuesday, May 26, 2015",24.75,24.25,24.00,24.00,500,0
"Price list and trading summary for Wednesday, May 27, 2015",24.00,25.00,24.50,24.75,"17,000",0
"Price list and trading summary for Thursday, May 28, 2015",24.75,25.00,24.00,24.75,"16,300",0
"Price list and trading summary for Thursday, April 02, 2015",25.00,25.75,25.00,25.25,"4,300",0
"Price list and trading summary for Thursday, April 02, 2015",25.00,25.75,25.00,25.25,"4,300",0
"Price list and trading summary for Friday, May 29, 2015",24.75,25.25,24.00,24.75,"49,200",0
"Price list and trading summary for Wednesday, April 22, 2015",23.00,23.50,23.00,23.25,"3,700",0
"Price list and trading summary for Friday, June 05, 2015",24.75,24.75,24.50,24.50,"2,800",0
"Price list and trading summary for Thursday, June 04, 2015",25.00,25.00,24.75,24.75,"100,900",0
"Price list and trading summary for Monday, June 08, 2015",24.50,25.00,24.50,24.50,"1,500",0
"Price list and trading summary for Tuesday, June 09, 2015",24.50,24.50,23.25,23.25,600,0
"Price list and trading summary for Wednesday, June 10, 2015",23.25,25.00,24.25,24.25,"50,200",0
"Price list and trading summary for Thursday, June 11, 2015",24.25,25.00,23.00,24.25,"62,900",0
"Price list and trading summary for Friday, June 12, 2015",24.25,24.50,24.25,24.25,"1,200",0
"Price list and trading summary for Monday, June 15, 2015",24.25,25.00,24.25,24.25,"44,200",0
"Price list and trading summary for Tuesday, June 16, 2015",24.25,25.00,23.50,24.00,"4,900",0
"Price list and trading summary for Wednesday, June 17, 2015",24.00,25.00,23.50,24.25,"26,400",0
"Price list and trading summary for Thursday, June 18, 2015",24.25,24.00,23.00,23.00,"22,500",0
"Price list and trading summary for Monday, June 22, 2015",24.25,26.00,23.75,24.50,"26,100",0
"Price list and trading summary for Tuesday, June 23, 2015",24.50,25.50,24.00,24.75,"53,900",0
"Price list and trading summary for Wednesday, June 24, 2015",24.75,26.50,23.00,25.50,"16,900",0
"Price list and trading summary for Thursday, June 25, 2015",25.50,28.00,23.50,27.75,5.08,0
"Price list and trading summary for Friday, June 26, 2015",27.75,26.50,25.25,25.25,"6,600",0
"Price list and trading summary for Thursday, April 30, 2015",23.75,24.00,21.50,22.50,"165,500",0
"Price list and trading summary for Tuesday, June 30, 2015",25.25,25.25,23.00,24.25,"58,500",0
"Price list and trading summary for Monday, June 29, 2015",25.25,26.50,25.25,25.25,"6,400",0
"Price list and trading summary for Thursday, July 02, 2015",25.25,25.25,25.25,25.25,100,0
"Price list and trading summary for Wednesday, July 01, 2015",24.25,25.25,25.25,25.25,300,0
"Price list and trading summary for Friday, July 03, 2015",25.25,25.25,24.25,24.75,"3,500",0
"Price list and trading summary for Friday, May 29, 2015",24.75,25.25,24.00,24.75,"49,200",0
"Price list and trading summary for Monday, July 06, 2015",24.75,25.25,25.00,25.00,600,0
"Price list and trading summary for Wednesday, July 08, 2015",24.25,24.75,24.00,24.00,"11,400",0
"Price list and trading summary for Thursday, July 09, 2015",24.00,25.00,24.25,24.75,"26,700",0
"Price list and trading summary for Thursday, July 09, 2015",24.00,25.00,24.25,24.75,"26,700",0
"Price list and trading summary for Tuesday, July 07, 2015",25.00,24.75,24.00,24.25,600,0
"Price list and trading summary for Monday, July 13, 2015",24.75,24.50,24.50,24.50,"1,200",0
"Price list and trading summary for Thursday, July 16, 2015",23.50,24.25,23.50,23.50,"2,300",0
"Price list and trading summary for Wednesday, July 15, 2015",24.25,23.50,23.50,23.50,900,0
"Price list and trading summary for Wednesday, June 03, 2015",24.75,25.00,25.00,25.00,"3,000",0
"Price list and trading summary for Friday, July 17, 2015",23.50,24.00,23.50,23.50,"15,700",0
"Price list and trading summary for Monday, July 20, 2015",23.50,24.00,23.00,23.50,"6,800",0
"Price list and trading summary for Tuesday, July 21, 2015",23.50,23.00,23.00,23.00,"5,300",0
"Price list and trading summary for Friday, May 15, 2015",24.75,24.75,24.75,24.75,"2,800",0
"Price list and trading summary for Wednesday, July 22, 2015",23.00,23.50,22.00,23.00,"326,300",0
"Price list and trading summary for Thursday, July 23, 2015",23.00,23.00,23.00,23.00,0,0
"Price list and trading summary for Friday, July 24, 2015",23.00,22.75,20.75,21.00,"10,500",0
"Price list and trading summary for Tuesday, July 28, 2015",21.00,22.75,22.00,22.50,"10,300",0
"Price list and trading summary for Monday, July 27, 2015",21.00,21.50,21.00,21.00,"146,700",0
"Price list and trading summary for Wednesday, July 29, 2015",22.50,23.00,21.25,21.75,300,0
"Price list and trading summary for Thursday, July 30, 2015",21.75,22.00,21.50,21.50,"5,900",0
"Price list and trading summary for Friday, July 31, 2015",21.50,22.00,21.50,21.75,"3,500",0
"Price list and trading summary for Tuesday, August 04, 2015",23.00,21.75,21.00,21.00,"11,900",0
"Price list and trading summary for Wednesday, August 05, 2015",21.00,22.00,21.00,21.25,"12,200",0
"Price list and trading summary for Thursday, August 06, 2015",21.25,21.25,21.00,21.00,"31,600",0
"Price list and trading summary for Monday, August 03, 2015",21.75,23.00,23.00,23.00,100,0
"Price list and trading summary for Friday, August 07, 2015",21.00,23.00,21.25,21.25,"14,500",0
"Price list and trading summary for Monday, August 10, 2015",21.25,21.25,21.25,21.25,"1,100",0
"Price list and trading summary for Tuesday, June 02, 2015",24.75,25.25,23.00,24.75,"28,600",0
"Price list and trading summary for Monday, April 27, 2015",23.25,24.75,23.25,23.25,700,0
"Price list and trading summary for Friday, June 19, 2015",23.00,24.75,24.00,24.25,"1,100",0
"Price list and trading summary for Tuesday, August 11, 2015",21.25,23.00,21.25,21.75,"3,200",0
"Price list and trading summary for Thursday, August 13, 2015",22.00,22.00,21.25,21.25,"18,600",0
"Price list and trading summary for Monday, August 17, 2015",22.00,23.00,23.00,23.00,9.78,0
"Price list and trading summary for Wednesday, August 12, 2015",21.75,22.00,22.00,22.00,500,0
"Price list and trading summary for Friday, August 21, 2015",21.75,22.00,21.75,21.75,"8,600",0
"Price list and trading summary for Tuesday, July 14, 2015",24.50,24.75,24.25,24.25,"3,000",0
"Price list and trading summary for Monday, August 24, 2015",21.75,22.00,21.75,21.75,"23,700",0
"Price list and trading summary for Thursday, August 20, 2015",22.50,23.00,21.75,21.75,"6,500",0
"Price list and trading summary for Wednesday, August 26, 2015",22.00,23.00,21.50,22.00,"28,600",0
"Price list and trading summary for Friday, August 14, 2015",21.25,23.25,21.50,22.00,"32,900",0
"Price list and trading summary for Thursday, August 27, 2015",22.00,22.00,21.50,21.75,"20,900",0
"Price list and trading summary for Tuesday, August 18, 2015",23.00,23.00,23.00,23.00,"21,800",0
"Price list and trading summary for Wednesday, August 19, 2015",23.00,23.00,22.00,22.50,"2,100",0
"Price list and trading summary for Tuesday, August 25, 2015",21.75,22.50,22.00,22.00,"40,100",0
"Price list and trading summary for Friday, August 28, 2015",21.75,21.50,21.00,21.00,"5,900",0
"Price list and trading summary for Tuesday, September 01, 2015",21.00,21.00,21.00,21.00,500,0
"Price list and trading summary for Monday, August 31, 2015",21.00,21.00,21.00,21.00,100,0
"Price list and trading summary for Monday, September 07, 2015",21.00,21.00,20.00,20.75,"12,900",0
"Price list and trading summary for Thursday, September 10, 2015",22.00,22.00,20.00,21.75,"11,200",0
"Price list and trading summary for Wednesday, September 09, 2015",21.75,22.00,22.00,22.00,"3,200",0
"Price list and trading summary for Wednesday, September 02, 2015",21.00,21.00,20.00,20.00,"1,100",0
"Price list and trading summary for Monday, September 14, 2015",21.25,22.00,21.75,21.75,"3,300",0
"Price list and trading summary for Friday, September 11, 2015",21.75,22.00,20.25,21.25,"2,500",0
"Price list and trading summary for Friday, September 04, 2015",20.75,21.00,21.00,21.00,"4,000",0
"Price list and trading summary for Tuesday, September 15, 2015",21.75,22.25,21.75,22.00,"7,000",0
"Price list and trading summary for Tuesday, September 08, 2015",20.75,22.00,18.75,21.75,2.10,0
"Price list and trading summary for Thursday, September 17, 2015",21.50,21.75,21.00,21.00,"9,900",0
"Price list and trading summary for Friday, September 18, 2015",21.00,22.00,20.50,20.75,"5,100",0
"Price list and trading summary for Wednesday, September 16, 2015",22.00,21.75,21.50,21.50,"2,900",0
"Price list and trading summary for Monday, September 21, 2015",20.75,21.75,21.00,21.00,"3,000",0
"Price list and trading summary for Tuesday, September 22, 2015",21.00,21.00,21.00,21.00,"3,700",0
"Price list and trading summary for Friday, September 25, 2015",21.75,22.00,21.50,21.75,"2,100",0
"Price list and trading summary for Wednesday, September 23, 2015",21.00,22.00,21.00,21.25,"6,200",0
"Price list and trading summary for Thursday, September 24, 2015",21.25,22.00,21.00,21.75,"9,100",0
"Price list and trading summary for Monday, September 28, 2015",21.75,22.00,21.75,21.75,"33,100",0
"Price list and trading summary for Thursday, September 03, 2015",20.00,21.00,20.50,20.75,"23,200",0
"Price list and trading summary for Thursday, September 03, 2015",20.00,21.00,20.50,20.75,"23,200",0
"Price list and trading summary for Friday, September 04, 2015",20.75,21.00,21.00,21.00,"4,000",0
"Price list and trading summary for Friday, September 11, 2015",21.75,22.00,20.25,21.25,"2,500",0
"Price list and trading summary for Thursday, September 10, 2015",22.00,22.00,20.00,21.75,"11,200",0
"Price list and trading summary for Tuesday, September 08, 2015",20.75,22.00,18.75,21.75,2.10,0
"Price list and trading summary for Tuesday, September 15, 2015",21.75,22.25,21.75,22.00,"7,000",0
"Price list and trading summary for Wednesday, September 16, 2015",22.00,21.75,21.50,21.50,"2,900",0
"Price list and trading summary for Tuesday, September 22, 2015",21.00,21.00,21.00,21.00,"3,700",0
"Price list and trading summary for Wednesday, September 23, 2015",21.00,22.00,21.00,21.25,"6,200",0
"Price list and trading summary for Thursday, September 24, 2015",21.25,22.00,21.00,21.75,"9,100",0
"Price list and trading summary for Friday, September 25, 2015",21.75,22.00,21.50,21.75,"2,100",0
"Price list and trading summary for Monday, September 28, 2015",21.75,22.00,21.75,21.75,"33,100",0
"Price list and trading summary for Monday, September 07, 2015",21.00,21.00,20.00,20.75,"12,900",0
"Price list and trading summary for Monday, September 14, 2015",21.25,22.00,21.75,21.75,"3,300",0
"Price list and trading summary for Thursday, September 17, 2015",21.50,21.75,21.00,21.00,"9,900",0
"Price list and trading summary for Friday, September 18, 2015",21.00,22.00,20.50,20.75,"5,100",0
"Price list and trading summary for Wednesday, September 09, 2015",21.75,22.00,22.00,22.00,"3,200",0
"Price list and trading summary for Monday, September 21, 2015",20.75,21.75,21.00,21.00,"3,000",0
"Price list and trading summary for Monday, September 14, 2015",21.25,22.00,21.75,21.75,"3,300",0
"Price list and trading summary for Wednesday, September 09, 2015",21.75,22.00,22.00,22.00,"3,200",0
"Price list and trading summary for Thursday, September 03, 2015",20.00,21.00,20.50,20.75,"23,200",0
"Price list and trading summary for Thursday, September 10, 2015",22.00,22.00,20.00,21.75,"11,200",0
"Price list and trading summary for Tuesday, September 15, 2015",21.75,22.25,21.75,22.00,"7,000",0
"Price list and trading summary for Monday, September 07, 2015",21.00,21.00,20.00,20.75,"12,900",0
"Price list and trading summary for Friday, September 11, 2015",21.75,22.00,20.25,21.25,"2,500",0
"Price list and trading summary for Tuesday, September 08, 2015",20.75,22.00,18.75,21.75,2.10,0
"Price list and trading summary for Friday, September 18, 2015",21.00,22.00,20.50,20.75,"5,100",0
"Price list and trading summary for Friday, September 25, 2015",21.75,22.00,21.50,21.75,"2,100",0
"Price list and trading summary for Tuesday, September 22, 2015",21.00,21.00,21.00,21.00,"3,700",0
"Price list and trading summary for Monday, September 28, 2015",21.75,22.00,21.75,21.75,"33,100",0
"Price list and trading summary for Monday, September 21, 2015",20.75,21.75,21.00,21.00,"3,000",0
"Price list and trading summary for Wednesday, September 23, 2015",21.00,22.00,21.00,21.25,"6,200",0
"Price list and trading summary for Wednesday, September 16, 2015",22.00,21.75,21.50,21.50,"2,900",0
"Price list and trading summary for Friday, September 04, 2015",20.75,21.00,21.00,21.00,"4,000",0
"Price list and trading summary for Thursday, September 24, 2015",21.25,22.00,21.00,21.75,"9,100",0
"Price list and trading summary for Thursday, September 17, 2015",21.50,21.75,21.00,21.00,"9,900",0
"Price list and trading summary for Wednesday, September 30, 2015",21.25,22.00,20.00,21.00,"14,500",0
"Price list and trading summary for Tuesday, September 29, 2015",21.75,21.50,21.00,21.25,"15,700",0
"Price list and trading summary for Monday, September 07, 2015",21.00,21.00,20.00,20.75,"12,900",0
"Price list and trading summary for Thursday, September 10, 2015",22.00,22.00,20.00,21.75,"11,200",0
"Price list and trading summary for Friday, September 11, 2015",21.75,22.00,20.25,21.25,"2,500",0
"Price list and trading summary for Wednesday, September 16, 2015",22.00,21.75,21.50,21.50,"2,900",0
"Price list and trading summary for Thursday, September 17, 2015",21.50,21.75,21.00,21.00,"9,900",0
"Price list and trading summary for Friday, September 18, 2015",21.00,22.00,20.50,20.75,"5,100",0
"Price list and trading summary for Monday, September 21, 2015",20.75,21.75,21.00,21.00,"3,000",0
"Price list and trading summary for Tuesday, September 22, 2015",21.00,21.00,21.00,21.00,"3,700",0
"Price list and trading summary for Wednesday, September 23, 2015",21.00,22.00,21.00,21.25,"6,200",0
"Price list and trading summary for Tuesday, September 15, 2015",21.75,22.25,21.75,22.00,"7,000",0
"Price list and trading summary for Thursday, September 24, 2015",21.25,22.00,21.00,21.75,"9,100",0
"Price list and trading summary for Tuesday, September 08, 2015",20.75,22.00,18.75,21.75,2.10,0
"Price list and trading summary for Friday, September 25, 2015",21.75,22.00,21.50,21.75,"2,100",0
"Price list and trading summary for Monday, September 14, 2015",21.25,22.00,21.75,21.75,"3,300",0
"Price list and trading summary for Tuesday, September 29, 2015",21.75,21.50,21.00,21.25,"15,700",0
"Price list and trading summary for Monday, September 28, 2015",21.75,22.00,21.75,21.75,"33,100",0
"Price list and trading summary for Friday, September 04, 2015",20.75,21.00,21.00,21.00,"4,000",0
"Price list and trading summary for Wednesday, September 30, 2015",21.25,22.00,20.00,21.00,"14,500",0
"Price list and trading summary for Wednesday, September 09, 2015",21.75,22.00,22.00,22.00,"3,200",0
"Price list and trading summary for Thursday, September 03, 2015",20.00,21.00,20.50,20.75,"23,200",0
